实例规格,vCPU,内存 (GiB),处理器型号,GPU型号,GPU显存(GB),按量计费 (小时),包月,包1年,包2年,包3年,地域
"ecs.g3i.large","2核","8GiB","Intel Xeon(Sapphire Rapids) Platinum 8457C","-","-","0.7523","420.22","5042.64","10085.28","15127.92","亚太东南（雅加达）"
"ecs.g3i.large","2核","8GiB","Intel Xeon(Sapphire Rapids) Platinum 8457C","-","-","0.7889","418.28","5019.42","10038.84","15058.26","亚太东南（柔佛）"
"ecs.g3i.large","2核","8GiB","Intel Xeon(Sapphire Rapids) Platinum 8457C","-","-","0.5192","253.38","3040.56","6081.12","9121.68","华南1（广州）"
"ecs.g3i.large","2核","8GiB","Intel Xeon(Sapphire Rapids) Platinum 8457C","-","-","0.5192","253.38","3040.56","6081.12","9121.68","华东2（上海）"
"ecs.g3i.large","2核","8GiB","Intel Xeon(Sapphire Rapids) Platinum 8457C","-","-","0.5192","253.38","3040.56","6081.12","9121.68","华北2（北京）"
"ecs.g3i.large","2核","8GiB","Intel Xeon(Sapphire Rapids) Platinum 8457C","-","-","0.8275","457.98","5495.71","10991.42","16487.14","中国香港"
"ecs.g3i.xlarge","4核","16GiB","Intel Xeon(Sapphire Rapids) Platinum 8457C","-","-","1.5046","840.45","10085.4","20170.8","30256.2","亚太东南（雅加达）"
"ecs.g3i.xlarge","4核","16GiB","Intel Xeon(Sapphire Rapids) Platinum 8457C","-","-","1.0384","506.76","6081.12","12162.24","18243.36","华南1（广州）"
"ecs.g3i.xlarge","4核","16GiB","Intel Xeon(Sapphire Rapids) Platinum 8457C","-","-","1.5777","836.57","10038.84","20077.68","30116.52","亚太东南（柔佛）"
"ecs.g3i.xlarge","4核","16GiB","Intel Xeon(Sapphire Rapids) Platinum 8457C","-","-","1.0384","506.76","6081.12","12162.24","18243.36","华东2（上海）"
"ecs.g3i.xlarge","4核","16GiB","Intel Xeon(Sapphire Rapids) Platinum 8457C","-","-","1.0384","506.76","6081.12","12162.24","18243.36","华北2（北京）"
"ecs.g3i.xlarge","4核","16GiB","Intel Xeon(Sapphire Rapids) Platinum 8457C","-","-","1.6551","915.95","10991.42","21982.85","32974.27","中国香港"
"ecs.g3i.2xlarge","8核","32GiB","Intel Xeon(Sapphire Rapids) Platinum 8457C","-","-","3.0092","1680.89","20170.68","40341.36","60512.04","亚太东南（雅加达）"
"ecs.g3i.2xlarge","8核","32GiB","Intel Xeon(Sapphire Rapids) Platinum 8457C","-","-","2.0769","1013.52","12162.24","24324.48","36486.72","华南1（广州）"
"ecs.g3i.2xlarge","8核","32GiB","Intel Xeon(Sapphire Rapids) Platinum 8457C","-","-","3.1555","1673.14","20077.68","40155.36","60233.04","亚太东南（柔佛）"
"ecs.g3i.2xlarge","8核","32GiB","Intel Xeon(Sapphire Rapids) Platinum 8457C","-","-","2.0769","1013.52","12162.24","24324.48","36486.72","华东2（上海）"
"ecs.g3i.2xlarge","8核","32GiB","Intel Xeon(Sapphire Rapids) Platinum 8457C","-","-","2.0769","1013.52","12162.24","24324.48","36486.72","华北2（北京）"
"ecs.g3i.2xlarge","8核","32GiB","Intel Xeon(Sapphire Rapids) Platinum 8457C","-","-","3.3101","1831.9","21982.85","43965.7","65948.54","中国香港"
"ecs.g3i.4xlarge","16核","64GiB","Intel Xeon(Sapphire Rapids) Platinum 8457C","-","-","6.0184","3361.78","40341.36","80682.72","121024.08","亚太东南（雅加达）"
"ecs.g3i.4xlarge","16核","64GiB","Intel Xeon(Sapphire Rapids) Platinum 8457C","-","-","4.1538","2027.04","24324.48","48648.96","72973.44","华南1（广州）"
"ecs.g3i.4xlarge","16核","64GiB","Intel Xeon(Sapphire Rapids) Platinum 8457C","-","-","6.311","3346.28","40155.36","80310.72","120466.08","亚太东南（柔佛）"
"ecs.g3i.4xlarge","16核","64GiB","Intel Xeon(Sapphire Rapids) Platinum 8457C","-","-","4.1538","2027.04","24324.48","48648.96","72973.44","华东2（上海）"
"ecs.g3i.4xlarge","16核","64GiB","Intel Xeon(Sapphire Rapids) Platinum 8457C","-","-","4.1538","2027.04","24324.48","48648.96","72973.44","华北2（北京）"
"ecs.g3i.4xlarge","16核","64GiB","Intel Xeon(Sapphire Rapids) Platinum 8457C","-","-","6.6202","3663.81","43965.7","87931.39","131897.09","中国香港"
"ecs.g3i.8xlarge","32核","128GiB","Intel Xeon(Sapphire Rapids) Platinum 8457C","-","-","12.0368","6723.57","80682.84","161365.68","242048.52","亚太东南（雅加达）"
"ecs.g3i.8xlarge","32核","128GiB","Intel Xeon(Sapphire Rapids) Platinum 8457C","-","-","8.3076","4054.08","48648.96","97297.92","145946.88","华南1（广州）"
"ecs.g3i.8xlarge","32核","128GiB","Intel Xeon(Sapphire Rapids) Platinum 8457C","-","-","12.6219","6692.56","80310.72","160621.44","240932.16","亚太东南（柔佛）"
"ecs.g3i.8xlarge","32核","128GiB","Intel Xeon(Sapphire Rapids) Platinum 8457C","-","-","8.3076","4054.08","48648.96","97297.92","145946.88","华东2（上海）"
"ecs.g3i.8xlarge","32核","128GiB","Intel Xeon(Sapphire Rapids) Platinum 8457C","-","-","8.3076","4054.08","48648.96","97297.92","145946.88","华北2（北京）"
"ecs.g3i.8xlarge","32核","128GiB","Intel Xeon(Sapphire Rapids) Platinum 8457C","-","-","13.2404","7327.62","87931.39","175862.78","263794.18","中国香港"
"ecs.g3i.12xlarge","48核","192GiB","Intel Xeon(Sapphire Rapids) Platinum 8457C","-","-","18.0551","10085.35","121024.2","242048.4","363072.6","亚太东南（雅加达）"
"ecs.g3i.12xlarge","48核","192GiB","Intel Xeon(Sapphire Rapids) Platinum 8457C","-","-","12.4614","6081.12","72973.44","145946.88","218920.32","华南1（广州）"
"ecs.g3i.12xlarge","48核","192GiB","Intel Xeon(Sapphire Rapids) Platinum 8457C","-","-","18.9329","10038.84","120466.08","240932.16","361398.24","亚太东南（柔佛）"
"ecs.g3i.12xlarge","48核","192GiB","Intel Xeon(Sapphire Rapids) Platinum 8457C","-","-","12.4614","6081.12","72973.44","145946.88","218920.32","华东2（上海）"
"ecs.g3i.12xlarge","48核","192GiB","Intel Xeon(Sapphire Rapids) Platinum 8457C","-","-","12.4614","6081.12","72973.44","145946.88","218920.32","华北2（北京）"
"ecs.g3i.12xlarge","48核","192GiB","Intel Xeon(Sapphire Rapids) Platinum 8457C","-","-","19.8606","10991.42","131897.09","263794.18","395691.26","中国香港"
"ecs.g3i.16xlarge","64核","256GiB","Intel Xeon(Sapphire Rapids) Platinum 8457C","-","-","24.0735","13447.14","161365.68","322731.36","484097.04","亚太东南（雅加达）"
"ecs.g3i.16xlarge","64核","256GiB","Intel Xeon(Sapphire Rapids) Platinum 8457C","-","-","16.6151","8108.16","97297.92","194595.84","291893.76","华南1（广州）"
"ecs.g3i.16xlarge","64核","256GiB","Intel Xeon(Sapphire Rapids) Platinum 8457C","-","-","25.2439","13385.12","160621.44","321242.88","481864.32","亚太东南（柔佛）"
"ecs.g3i.16xlarge","64核","256GiB","Intel Xeon(Sapphire Rapids) Platinum 8457C","-","-","16.6151","8108.16","97297.92","194595.84","291893.76","华东2（上海）"
"ecs.g3i.16xlarge","64核","256GiB","Intel Xeon(Sapphire Rapids) Platinum 8457C","-","-","16.6151","8108.16","97297.92","194595.84","291893.76","华北2（北京）"
"ecs.g3i.16xlarge","64核","256GiB","Intel Xeon(Sapphire Rapids) Platinum 8457C","-","-","26.4808","14655.23","175862.78","351725.57","527588.35","中国香港"
"ecs.g3i.24xlarge","96核","384GiB","Intel Xeon(Sapphire Rapids) Platinum 8457C","-","-","36.1103","20170.7","242048.4","484096.8","726145.2","亚太东南（雅加达）"
"ecs.g3i.24xlarge","96核","384GiB","Intel Xeon(Sapphire Rapids) Platinum 8457C","-","-","24.9227","12162.24","145946.88","291893.76","437840.64","华南1（广州）"
"ecs.g3i.24xlarge","96核","384GiB","Intel Xeon(Sapphire Rapids) Platinum 8457C","-","-","37.8658","20077.68","240932.16","481864.32","722796.48","亚太东南（柔佛）"
"ecs.g3i.24xlarge","96核","384GiB","Intel Xeon(Sapphire Rapids) Platinum 8457C","-","-","24.9227","12162.24","145946.88","291893.76","437840.64","华东2（上海）"
"ecs.g3i.24xlarge","96核","384GiB","Intel Xeon(Sapphire Rapids) Platinum 8457C","-","-","24.9227","12162.24","145946.88","291893.76","437840.64","华北2（北京）"
"ecs.g3i.24xlarge","96核","384GiB","Intel Xeon(Sapphire Rapids) Platinum 8457C","-","-","39.7212","21982.85","263794.18","527588.35","791382.53","中国香港"
"ecs.g3a.large","2核","8GiB","AMD EPYC(Genoa) 9Y24","-","-","0.5606","273.57","3282.86","6565.72","9848.58","亚太东南（雅加达）"
"ecs.g3a.large","2核","8GiB","AMD EPYC(Genoa) 9Y24","-","-","0.7203","326.18","3914.18","7828.36","11742.53","亚太东南（柔佛）"
"ecs.g3a.large","2核","8GiB","AMD EPYC(Genoa) 9Y24","-","-","0.4312288525","210.44","2525.28","5050.55","7575.83","华东2（上海）"
"ecs.g3a.large","2核","8GiB","AMD EPYC(Genoa) 9Y24","-","-","0.4312","210.44","2525.28","5050.55","7575.83","华北2（北京）"
"ecs.g3a.large","2核","8GiB","AMD EPYC(Genoa) 9Y24","-","-","0.4312288525","210.44","2525.28","5050.55","7575.83","华南1（广州）"
"ecs.g3a.large","2核","8GiB","AMD EPYC(Genoa) 9Y24","-","-","0.6886","326.18","3914.18","7828.36","11742.53","中国香港"
"ecs.g3a.xlarge","4核","16GiB","AMD EPYC(Genoa) 9Y24","-","-","1.1212","547.14","6565.72","13131.44","19697.16","亚太东南（雅加达）"
"ecs.g3a.xlarge","4核","16GiB","AMD EPYC(Genoa) 9Y24","-","-","1.4406","652.36","7828.36","15656.71","23485.07","亚太东南（柔佛）"
"ecs.g3a.xlarge","4核","16GiB","AMD EPYC(Genoa) 9Y24","-","-","0.8624577049","420.88","5050.55","10101.1","15151.66","华东2（上海）"
"ecs.g3a.xlarge","4核","16GiB","AMD EPYC(Genoa) 9Y24","-","-","0.8625","420.88","5050.55","10101.11","15151.66","华北2（北京）"
"ecs.g3a.xlarge","4核","16GiB","AMD EPYC(Genoa) 9Y24","-","-","0.8624577049","420.88","5050.55","10101.1","15151.66","华南1（广州）"
"ecs.g3a.xlarge","4核","16GiB","AMD EPYC(Genoa) 9Y24","-","-","1.3772","652.36","7828.36","15656.71","23485.07","中国香港"
"ecs.g3a.2xlarge","8核","32GiB","AMD EPYC(Genoa) 9Y24","-","-","2.2424","1094.29","13131.44","26262.87","39394.31","亚太东南（雅加达）"
"ecs.g3a.2xlarge","8核","32GiB","AMD EPYC(Genoa) 9Y24","-","-","2.8813","1304.73","15656.71","31313.42","46970.14","亚太东南（柔佛）"
"ecs.g3a.2xlarge","8核","32GiB","AMD EPYC(Genoa) 9Y24","-","-","1.7249","841.76","10101.1","20202.21","30303.31","华北2（北京）"
"ecs.g3a.2xlarge","8核","32GiB","AMD EPYC(Genoa) 9Y24","-","-","1.7249154098","841.76","10101.1","20202.21","30303.31","华东2（上海）"
"ecs.g3a.2xlarge","8核","32GiB","AMD EPYC(Genoa) 9Y24","-","-","1.7249154098","841.76","10101.1","20202.21","30303.31","华南1（广州）"
"ecs.g3a.2xlarge","8核","32GiB","AMD EPYC(Genoa) 9Y24","-","-","2.7544","1304.73","15656.71","31313.42","46970.14","中国香港"
"ecs.g3a.4xlarge","16核","64GiB","AMD EPYC(Genoa) 9Y24","-","-","4.4848","2188.57","26262.87","52525.74","78788.62","亚太东南（雅加达）"
"ecs.g3a.4xlarge","16核","64GiB","AMD EPYC(Genoa) 9Y24","-","-","5.7625","2609.45","31313.42","62626.85","93940.27","亚太东南（柔佛）"
"ecs.g3a.4xlarge","16核","64GiB","AMD EPYC(Genoa) 9Y24","-","-","3.4498","1683.52","20202.21","40404.42","60606.63","华北2（北京）"
"ecs.g3a.4xlarge","16核","64GiB","AMD EPYC(Genoa) 9Y24","-","-","3.4498308197","1683.52","20202.21","40404.42","60606.63","华东2（上海）"
"ecs.g3a.4xlarge","16核","64GiB","AMD EPYC(Genoa) 9Y24","-","-","3.4498308197","1683.52","20202.21","40404.42","60606.63","华南1（广州）"
"ecs.g3a.4xlarge","16核","64GiB","AMD EPYC(Genoa) 9Y24","-","-","5.5088","2609.45","31313.42","62626.85","93940.27","中国香港"
"ecs.g3a.8xlarge","32核","128GiB","AMD EPYC(Genoa) 9Y24","-","-","8.9696","4377.15","52525.74","105051.49","157577.23","亚太东南（雅加达）"
"ecs.g3a.8xlarge","32核","128GiB","AMD EPYC(Genoa) 9Y24","-","-","11.5251","5218.9","62626.85","125253.7","187880.55","亚太东南（柔佛）"
"ecs.g3a.8xlarge","32核","128GiB","AMD EPYC(Genoa) 9Y24","-","-","6.8996616393","3367.03","40404.42","80808.84","121213.26","华东2（上海）"
"ecs.g3a.8xlarge","32核","128GiB","AMD EPYC(Genoa) 9Y24","-","-","6.8997","3367.03","40404.42","80808.84","121213.26","华北2（北京）"
"ecs.g3a.8xlarge","32核","128GiB","AMD EPYC(Genoa) 9Y24","-","-","6.8996616393","3367.03","40404.42","80808.84","121213.26","华南1（广州）"
"ecs.g3a.8xlarge","32核","128GiB","AMD EPYC(Genoa) 9Y24","-","-","11.0177","5218.9","62626.85","125253.7","187880.55","中国香港"
"ecs.g3a.12xlarge","48核","192GiB","AMD EPYC(Genoa) 9Y24","-","-","13.4543","6565.72","78788.62","157577.23","236365.85","亚太东南（雅加达）"
"ecs.g3a.12xlarge","48核","192GiB","AMD EPYC(Genoa) 9Y24","-","-","17.2876","7828.36","93940.27","187880.54","281820.82","亚太东南（柔佛）"
"ecs.g3a.12xlarge","48核","192GiB","AMD EPYC(Genoa) 9Y24","-","-","10.3495","5050.55","60606.63","121213.26","181819.88","华北2（北京）"
"ecs.g3a.12xlarge","48核","192GiB","AMD EPYC(Genoa) 9Y24","-","-","10.349492459","5050.55","60606.63","121213.26","181819.88","华东2（上海）"
"ecs.g3a.12xlarge","48核","192GiB","AMD EPYC(Genoa) 9Y24","-","-","10.349492459","5050.55","60606.63","121213.26","181819.88","华南1（广州）"
"ecs.g3a.12xlarge","48核","192GiB","AMD EPYC(Genoa) 9Y24","-","-","16.5265","7828.36","93940.27","187880.55","281820.82","中国香港"
"ecs.g3a.16xlarge","64核","256GiB","AMD EPYC(Genoa) 9Y24","-","-","17.9391","8754.29","105051.49","210102.98","315154.47","亚太东南（雅加达）"
"ecs.g3a.16xlarge","64核","256GiB","AMD EPYC(Genoa) 9Y24","-","-","23.0502","10437.81","125253.7","250507.39","375761.09","亚太东南（柔佛）"
"ecs.g3a.16xlarge","64核","256GiB","AMD EPYC(Genoa) 9Y24","-","-","13.7993","6734.07","80808.84","161617.68","242426.51","华北2（北京）"
"ecs.g3a.16xlarge","64核","256GiB","AMD EPYC(Genoa) 9Y24","-","-","13.7993232787","6734.07","80808.84","161617.67","242426.51","华东2（上海）"
"ecs.g3a.16xlarge","64核","256GiB","AMD EPYC(Genoa) 9Y24","-","-","13.7993232787","6734.07","80808.84","161617.67","242426.51","华南1（广州）"
"ecs.g3a.16xlarge","64核","256GiB","AMD EPYC(Genoa) 9Y24","-","-","22.0354","10437.81","125253.7","250507.39","375761.09","中国香港"
"ecs.g3a.24xlarge","96核","384GiB","AMD EPYC(Genoa) 9Y24","-","-","26.9087","13131.44","157577.23","315154.46","472731.7","亚太东南（雅加达）"
"ecs.g3a.24xlarge","96核","384GiB","AMD EPYC(Genoa) 9Y24","-","-","34.5752","15656.71","187880.55","375761.09","563641.64","亚太东南（柔佛）"
"ecs.g3a.24xlarge","96核","384GiB","AMD EPYC(Genoa) 9Y24","-","-","20.698984918","10101.1","121213.26","242426.51","363639.77","华东2（上海）"
"ecs.g3a.24xlarge","96核","384GiB","AMD EPYC(Genoa) 9Y24","-","-","20.699","10101.1","121213.26","242426.51","363639.77","华北2（北京）"
"ecs.g3a.24xlarge","96核","384GiB","AMD EPYC(Genoa) 9Y24","-","-","20.698984918","10101.1","121213.26","242426.51","363639.77","华南1（广州）"
"ecs.g3a.24xlarge","96核","384GiB","AMD EPYC(Genoa) 9Y24","-","-","33.0531","15656.71","187880.55","375761.09","563641.64","中国香港"
"ecs.g3a.32xlarge","128核","512GiB","AMD EPYC(Genoa) 9Y24","-","-","35.8782","17508.58","210102.98","420205.95","630308.93","亚太东南（雅加达）"
"ecs.g3a.32xlarge","128核","512GiB","AMD EPYC(Genoa) 9Y24","-","-","46.1003","20875.62","250507.4","501014.79","751522.19","亚太东南（柔佛）"
"ecs.g3a.32xlarge","128核","512GiB","AMD EPYC(Genoa) 9Y24","-","-","27.5986465574","13468.14","161617.67","323235.35","484853.02","华东2（上海）"
"ecs.g3a.32xlarge","128核","512GiB","AMD EPYC(Genoa) 9Y24","-","-","27.5986","13468.14","161617.67","323235.35","484853.02","华北2（北京）"
"ecs.g3a.32xlarge","128核","512GiB","AMD EPYC(Genoa) 9Y24","-","-","27.5986465574","13468.14","161617.67","323235.35","484853.02","华南1（广州）"
"ecs.g3a.32xlarge","128核","512GiB","AMD EPYC(Genoa) 9Y24","-","-","44.0707","20875.62","250507.4","501014.79","751522.19","中国香港"
"ecs.g3a.48xlarge","192核","768GiB","AMD EPYC(Genoa) 9Y24","-","-","53.8174","26262.87","315154.47","630308.93","945463.4","亚太东南（雅加达）"
"ecs.g3a.48xlarge","192核","768GiB","AMD EPYC(Genoa) 9Y24","-","-","69.1505","31313.42","375761.09","751522.19","1127283.28","亚太东南（柔佛）"
"ecs.g3a.48xlarge","192核","768GiB","AMD EPYC(Genoa) 9Y24","-","-","41.398","20202.21","242426.51","484853.02","727279.53","华北2（北京）"
"ecs.g3a.48xlarge","192核","768GiB","AMD EPYC(Genoa) 9Y24","-","-","41.3979698361","20202.21","242426.51","484853.02","727279.53","华东2（上海）"
"ecs.g3a.48xlarge","192核","768GiB","AMD EPYC(Genoa) 9Y24","-","-","41.3979698361","20202.21","242426.51","484853.02","727279.53","华南1（广州）"
"ecs.g3a.48xlarge","192核","768GiB","AMD EPYC(Genoa) 9Y24","-","-","66.1061","31313.42","375761.09","751522.19","1127283.28","中国香港"
"ecs.g3il.large","2核","8GiB","Intel Xeon(Sapphire Rapids) Platinum 8457C","-","-","0.7523","420.22","5042.64","10085.28","15127.92","亚太东南（雅加达）"
"ecs.g3il.large","2核","8GiB","Intel Xeon(Sapphire Rapids) Platinum 8457C","-","-","0.7889","418.28","5019.42","10038.84","15058.26","亚太东南（柔佛）"
"ecs.g3il.large","2核","8GiB","Intel Xeon(Sapphire Rapids) Platinum 8457C","-","-","0.5192","253.38","3040.56","6081.12","9121.68","华东2（上海）"
"ecs.g3il.large","2核","8GiB","Intel Xeon(Sapphire Rapids) Platinum 8457C","-","-","0.5192","253.38","3040.56","6081.12","9121.68","华南1（广州）"
"ecs.g3il.large","2核","8GiB","Intel Xeon(Sapphire Rapids) Platinum 8457C","-","-","0.5192","253.38","3040.56","6081.12","9121.68","华北2（北京）"
"ecs.g3il.large","2核","8GiB","Intel Xeon(Sapphire Rapids) Platinum 8457C","-","-","0.8275","457.98","5495.71","10991.42","16487.14","中国香港"
"ecs.g3il.xlarge","4核","16GiB","Intel Xeon(Sapphire Rapids) Platinum 8457C","-","-","1.5046","840.45","10085.4","20170.8","30256.2","亚太东南（雅加达）"
"ecs.g3il.xlarge","4核","16GiB","Intel Xeon(Sapphire Rapids) Platinum 8457C","-","-","1.5777","836.57","10038.84","20077.68","30116.52","亚太东南（柔佛）"
"ecs.g3il.xlarge","4核","16GiB","Intel Xeon(Sapphire Rapids) Platinum 8457C","-","-","1.0384","506.76","6081.12","12162.24","18243.36","华东2（上海）"
"ecs.g3il.xlarge","4核","16GiB","Intel Xeon(Sapphire Rapids) Platinum 8457C","-","-","1.0384","506.76","6081.12","12162.24","18243.36","华南1（广州）"
"ecs.g3il.xlarge","4核","16GiB","Intel Xeon(Sapphire Rapids) Platinum 8457C","-","-","1.0384","506.76","6081.12","12162.24","18243.36","华北2（北京）"
"ecs.g3il.xlarge","4核","16GiB","Intel Xeon(Sapphire Rapids) Platinum 8457C","-","-","1.6551","915.95","10991.42","21982.85","32974.27","中国香港"
"ecs.g3il.2xlarge","8核","32GiB","Intel Xeon(Sapphire Rapids) Platinum 8457C","-","-","3.0092","1680.89","20170.68","40341.36","60512.04","亚太东南（雅加达）"
"ecs.g3il.2xlarge","8核","32GiB","Intel Xeon(Sapphire Rapids) Platinum 8457C","-","-","3.1555","1673.14","20077.68","40155.36","60233.04","亚太东南（柔佛）"
"ecs.g3il.2xlarge","8核","32GiB","Intel Xeon(Sapphire Rapids) Platinum 8457C","-","-","2.0769","1013.52","12162.24","24324.48","36486.72","华东2（上海）"
"ecs.g3il.2xlarge","8核","32GiB","Intel Xeon(Sapphire Rapids) Platinum 8457C","-","-","2.0769","1013.52","12162.24","24324.48","36486.72","华南1（广州）"
"ecs.g3il.2xlarge","8核","32GiB","Intel Xeon(Sapphire Rapids) Platinum 8457C","-","-","2.0769","1013.52","12162.24","24324.48","36486.72","华北2（北京）"
"ecs.g3il.2xlarge","8核","32GiB","Intel Xeon(Sapphire Rapids) Platinum 8457C","-","-","3.3101","1831.9","21982.85","43965.7","65948.54","中国香港"
"ecs.g3il.4xlarge","16核","64GiB","Intel Xeon(Sapphire Rapids) Platinum 8457C","-","-","6.0184","3361.78","40341.36","80682.72","121024.08","亚太东南（雅加达）"
"ecs.g3il.4xlarge","16核","64GiB","Intel Xeon(Sapphire Rapids) Platinum 8457C","-","-","6.311","3346.28","40155.36","80310.72","120466.08","亚太东南（柔佛）"
"ecs.g3il.4xlarge","16核","64GiB","Intel Xeon(Sapphire Rapids) Platinum 8457C","-","-","4.1538","2027.04","24324.48","48648.96","72973.44","华东2（上海）"
"ecs.g3il.4xlarge","16核","64GiB","Intel Xeon(Sapphire Rapids) Platinum 8457C","-","-","4.1538","2027.04","24324.48","48648.96","72973.44","华南1（广州）"
"ecs.g3il.4xlarge","16核","64GiB","Intel Xeon(Sapphire Rapids) Platinum 8457C","-","-","4.1538","2027.04","24324.48","48648.96","72973.44","华北2（北京）"
"ecs.g3il.4xlarge","16核","64GiB","Intel Xeon(Sapphire Rapids) Platinum 8457C","-","-","6.6202","3663.81","43965.7","87931.39","131897.09","中国香港"
"ecs.g3il.8xlarge","32核","128GiB","Intel Xeon(Sapphire Rapids) Platinum 8457C","-","-","12.0368","6723.57","80682.84","161365.68","242048.52","亚太东南（雅加达）"
"ecs.g3il.8xlarge","32核","128GiB","Intel Xeon(Sapphire Rapids) Platinum 8457C","-","-","12.6219","6692.56","80310.72","160621.44","240932.16","亚太东南（柔佛）"
"ecs.g3il.8xlarge","32核","128GiB","Intel Xeon(Sapphire Rapids) Platinum 8457C","-","-","8.3076","4054.08","48648.96","97297.92","145946.88","华东2（上海）"
"ecs.g3il.8xlarge","32核","128GiB","Intel Xeon(Sapphire Rapids) Platinum 8457C","-","-","8.3076","4054.08","48648.96","97297.92","145946.88","华南1（广州）"
"ecs.g3il.8xlarge","32核","128GiB","Intel Xeon(Sapphire Rapids) Platinum 8457C","-","-","8.3076","4054.08","48648.96","97297.92","145946.88","华北2（北京）"
"ecs.g3il.8xlarge","32核","128GiB","Intel Xeon(Sapphire Rapids) Platinum 8457C","-","-","13.2404","7327.62","87931.39","175862.78","263794.18","中国香港"
"ecs.g3il.12xlarge","48核","192GiB","Intel Xeon(Sapphire Rapids) Platinum 8457C","-","-","18.0551","10085.35","121024.2","242048.4","363072.6","亚太东南（雅加达）"
"ecs.g3il.12xlarge","48核","192GiB","Intel Xeon(Sapphire Rapids) Platinum 8457C","-","-","18.9329","10038.84","120466.08","240932.16","361398.24","亚太东南（柔佛）"
"ecs.g3il.12xlarge","48核","192GiB","Intel Xeon(Sapphire Rapids) Platinum 8457C","-","-","12.4614","6081.12","72973.44","145946.88","218920.32","华东2（上海）"
"ecs.g3il.12xlarge","48核","192GiB","Intel Xeon(Sapphire Rapids) Platinum 8457C","-","-","12.4614","6081.12","72973.44","145946.88","218920.32","华南1（广州）"
"ecs.g3il.12xlarge","48核","192GiB","Intel Xeon(Sapphire Rapids) Platinum 8457C","-","-","12.4614","6081.12","72973.44","145946.88","218920.32","华北2（北京）"
"ecs.g3il.12xlarge","48核","192GiB","Intel Xeon(Sapphire Rapids) Platinum 8457C","-","-","19.8606","10991.42","131897.09","263794.18","395691.26","中国香港"
"ecs.g3il.16xlarge","64核","256GiB","Intel Xeon(Sapphire Rapids) Platinum 8457C","-","-","24.0735","13447.14","161365.68","322731.36","484097.04","亚太东南（雅加达）"
"ecs.g3il.16xlarge","64核","256GiB","Intel Xeon(Sapphire Rapids) Platinum 8457C","-","-","25.2439","13385.12","160621.44","321242.88","481864.32","亚太东南（柔佛）"
"ecs.g3il.16xlarge","64核","256GiB","Intel Xeon(Sapphire Rapids) Platinum 8457C","-","-","16.6151","8108.16","97297.92","194595.84","291893.76","华东2（上海）"
"ecs.g3il.16xlarge","64核","256GiB","Intel Xeon(Sapphire Rapids) Platinum 8457C","-","-","16.6151","8108.16","97297.92","194595.84","291893.76","华南1（广州）"
"ecs.g3il.16xlarge","64核","256GiB","Intel Xeon(Sapphire Rapids) Platinum 8457C","-","-","16.6151","8108.16","97297.92","194595.84","291893.76","华北2（北京）"
"ecs.g3il.16xlarge","64核","256GiB","Intel Xeon(Sapphire Rapids) Platinum 8457C","-","-","26.4808","14655.23","175862.78","351725.57","527588.35","中国香港"
"ecs.g3il.23xlarge","90核","472GiB","Intel Xeon(Sapphire Rapids) Platinum 8457C","-","-","39.8841","22279.3","267351.6","534703.2","802054.8","亚太东南（雅加达）"
"ecs.g3il.23xlarge","90核","472GiB","Intel Xeon(Sapphire Rapids) Platinum 8457C","-","-","41.8245","22176.71","266120.52","532241.04","798361.57","亚太东南（柔佛）"
"ecs.g3il.23xlarge","90核","472GiB","Intel Xeon(Sapphire Rapids) Platinum 8457C","-","-","27.5282","13433.75","161205","322410","483615","华东2（上海）"
"ecs.g3il.23xlarge","90核","472GiB","Intel Xeon(Sapphire Rapids) Platinum 8457C","-","-","27.5282","13433.75","161205","322410","483615","华南1（广州）"
"ecs.g3il.23xlarge","90核","472GiB","Intel Xeon(Sapphire Rapids) Platinum 8457C","-","-","27.5282","13433.75","161205","322410","483615","华北2（北京）"
"ecs.g3il.23xlarge","90核","472GiB","Intel Xeon(Sapphire Rapids) Platinum 8457C","-","-","43.8575","24272.73","291272.74","582545.47","873818.21","中国香港"
"ecs.g3il.29xlarge","114核","468GiB","Intel Xeon(Emerald Rapids) Platinum 8582C","-","-","29.9838","14632.69","175592.28","351184.56","526776.84","华东2（上海）"
"ecs.g3il.29xlarge","114核","468GiB","Intel Xeon(Emerald Rapids) Platinum 8582C","-","-","29.9838","14632.69","175592.28","351184.56","526776.84","华南1（广州）"
"ecs.g3il.29xlarge","114核","468GiB","Intel Xeon(Emerald Rapids) Platinum 8582C","-","-","29.9838","14632.69","175592.28","351184.56","526776.84","华北2（北京）"
"ecs.g3al.large","2核","8GiB","AMD EPYC(Genoa) 9Y24","-","-","0.5606","273.57","3282.86","6565.72","9848.58","亚太东南（雅加达）"
"ecs.g3al.large","2核","8GiB","AMD EPYC(Genoa) 9Y24","-","-","0.4312","210.44","2525.28","5050.55","7575.83","华东2（上海）"
"ecs.g3al.large","2核","8GiB","AMD EPYC(Genoa) 9Y24","-","-","0.4312","210.44","2525.28","5050.55","7575.83","华南1（广州）"
"ecs.g3al.large","2核","8GiB","AMD EPYC(Genoa) 9Y24","-","-","0.4312","210.44","2525.28","5050.55","7575.83","华北2（北京）"
"ecs.g3al.large","2核","8GiB","AMD EPYC(Genoa) 9Y24","-","-","0.7203","326.18","3914.18","7828.36","11742.53","亚太东南（柔佛）"
"ecs.g3al.large","2核","8GiB","AMD EPYC(Genoa) 9Y24","-","-","0.6886","326.18","3914.18","7828.36","11742.53","中国香港"
"ecs.g3al.xlarge","4核","16GiB","AMD EPYC(Genoa) 9Y24","-","-","1.1212","547.14","6565.72","13131.44","19697.16","亚太东南（雅加达）"
"ecs.g3al.xlarge","4核","16GiB","AMD EPYC(Genoa) 9Y24","-","-","0.8625","420.88","5050.55","10101.11","15151.66","华东2（上海）"
"ecs.g3al.xlarge","4核","16GiB","AMD EPYC(Genoa) 9Y24","-","-","0.8625","420.88","5050.55","10101.11","15151.66","华南1（广州）"
"ecs.g3al.xlarge","4核","16GiB","AMD EPYC(Genoa) 9Y24","-","-","0.8625","420.88","5050.55","10101.11","15151.66","华北2（北京）"
"ecs.g3al.xlarge","4核","16GiB","AMD EPYC(Genoa) 9Y24","-","-","1.4406","652.36","7828.36","15656.71","23485.07","亚太东南（柔佛）"
"ecs.g3al.xlarge","4核","16GiB","AMD EPYC(Genoa) 9Y24","-","-","1.3772","652.36","7828.36","15656.71","23485.07","中国香港"
"ecs.g3al.2xlarge","8核","32GiB","AMD EPYC(Genoa) 9Y24","-","-","2.2424","1094.29","13131.44","26262.87","39394.31","亚太东南（雅加达）"
"ecs.g3al.2xlarge","8核","32GiB","AMD EPYC(Genoa) 9Y24","-","-","1.7249","841.76","10101.1","20202.21","30303.31","华东2（上海）"
"ecs.g3al.2xlarge","8核","32GiB","AMD EPYC(Genoa) 9Y24","-","-","1.7249","841.76","10101.1","20202.21","30303.31","华南1（广州）"
"ecs.g3al.2xlarge","8核","32GiB","AMD EPYC(Genoa) 9Y24","-","-","1.7249","841.76","10101.1","20202.21","30303.31","华北2（北京）"
"ecs.g3al.2xlarge","8核","32GiB","AMD EPYC(Genoa) 9Y24","-","-","2.8813","1304.73","15656.71","31313.42","46970.14","亚太东南（柔佛）"
"ecs.g3al.2xlarge","8核","32GiB","AMD EPYC(Genoa) 9Y24","-","-","2.7544","1304.73","15656.71","31313.42","46970.14","中国香港"
"ecs.g3al.4xlarge","16核","64GiB","AMD EPYC(Genoa) 9Y24","-","-","4.4848","2188.57","26262.87","52525.74","78788.62","亚太东南（雅加达）"
"ecs.g3al.4xlarge","16核","64GiB","AMD EPYC(Genoa) 9Y24","-","-","3.4498","1683.52","20202.21","40404.42","60606.63","华东2（上海）"
"ecs.g3al.4xlarge","16核","64GiB","AMD EPYC(Genoa) 9Y24","-","-","3.4498","1683.52","20202.21","40404.42","60606.63","华南1（广州）"
"ecs.g3al.4xlarge","16核","64GiB","AMD EPYC(Genoa) 9Y24","-","-","3.4498","1683.52","20202.21","40404.42","60606.63","华北2（北京）"
"ecs.g3al.4xlarge","16核","64GiB","AMD EPYC(Genoa) 9Y24","-","-","5.7625","2609.45","31313.42","62626.85","93940.27","亚太东南（柔佛）"
"ecs.g3al.4xlarge","16核","64GiB","AMD EPYC(Genoa) 9Y24","-","-","5.5088","2609.45","31313.42","62626.85","93940.27","中国香港"
"ecs.g3al.8xlarge","32核","128GiB","AMD EPYC(Genoa) 9Y24","-","-","8.9696","4377.15","52525.74","105051.49","157577.23","亚太东南（雅加达）"
"ecs.g3al.8xlarge","32核","128GiB","AMD EPYC(Genoa) 9Y24","-","-","6.8997","3367.03","40404.42","80808.84","121213.26","华东2（上海）"
"ecs.g3al.8xlarge","32核","128GiB","AMD EPYC(Genoa) 9Y24","-","-","6.8997","3367.03","40404.42","80808.84","121213.26","华南1（广州）"
"ecs.g3al.8xlarge","32核","128GiB","AMD EPYC(Genoa) 9Y24","-","-","6.8997","3367.03","40404.42","80808.84","121213.26","华北2（北京）"
"ecs.g3al.8xlarge","32核","128GiB","AMD EPYC(Genoa) 9Y24","-","-","11.5251","5218.9","62626.85","125253.7","187880.55","亚太东南（柔佛）"
"ecs.g3al.8xlarge","32核","128GiB","AMD EPYC(Genoa) 9Y24","-","-","11.0177","5218.9","62626.85","125253.7","187880.55","中国香港"
"ecs.g3al.12xlarge","48核","192GiB","AMD EPYC(Genoa) 9Y24","-","-","13.4543","6565.72","78788.62","157577.23","236365.85","亚太东南（雅加达）"
"ecs.g3al.12xlarge","48核","192GiB","AMD EPYC(Genoa) 9Y24","-","-","10.3495","5050.55","60606.63","121213.26","181819.88","华东2（上海）"
"ecs.g3al.12xlarge","48核","192GiB","AMD EPYC(Genoa) 9Y24","-","-","10.3495","5050.55","60606.63","121213.26","181819.88","华南1（广州）"
"ecs.g3al.12xlarge","48核","192GiB","AMD EPYC(Genoa) 9Y24","-","-","10.3495","5050.55","60606.63","121213.26","181819.88","华北2（北京）"
"ecs.g3al.12xlarge","48核","192GiB","AMD EPYC(Genoa) 9Y24","-","-","17.2876","7828.36","93940.27","187880.54","281820.82","亚太东南（柔佛）"
"ecs.g3al.12xlarge","48核","192GiB","AMD EPYC(Genoa) 9Y24","-","-","16.5265","7828.36","93940.27","187880.55","281820.82","中国香港"
"ecs.g3al.16xlarge","64核","256GiB","AMD EPYC(Genoa) 9Y24","-","-","17.9391","8754.29","105051.49","210102.98","315154.47","亚太东南（雅加达）"
"ecs.g3al.16xlarge","64核","256GiB","AMD EPYC(Genoa) 9Y24","-","-","13.7993","6734.07","80808.84","161617.68","242426.51","华东2（上海）"
"ecs.g3al.16xlarge","64核","256GiB","AMD EPYC(Genoa) 9Y24","-","-","13.7993","6734.07","80808.84","161617.68","242426.51","华南1（广州）"
"ecs.g3al.16xlarge","64核","256GiB","AMD EPYC(Genoa) 9Y24","-","-","13.7993","6734.07","80808.84","161617.68","242426.51","华北2（北京）"
"ecs.g3al.16xlarge","64核","256GiB","AMD EPYC(Genoa) 9Y24","-","-","23.0502","10437.81","125253.7","250507.39","375761.09","亚太东南（柔佛）"
"ecs.g3al.16xlarge","64核","256GiB","AMD EPYC(Genoa) 9Y24","-","-","22.0354","10437.81","125253.7","250507.39","375761.09","中国香港"
"ecs.g3al.23xlarge","92核","368GiB","AMD EPYC(Genoa) 9Y24","-","-","25.7875","12584.29","151011.51","302023.03","453034.54","亚太东南（雅加达）"
"ecs.g3al.23xlarge","92核","368GiB","AMD EPYC(Genoa) 9Y24","-","-","19.8365","9680.23","116162.7","232325.41","348488.11","华东2（上海）"
"ecs.g3al.23xlarge","92核","368GiB","AMD EPYC(Genoa) 9Y24","-","-","19.8365","9680.23","116162.7","232325.41","348488.11","华南1（广州）"
"ecs.g3al.23xlarge","92核","368GiB","AMD EPYC(Genoa) 9Y24","-","-","19.8365","9680.23","116162.7","232325.41","348488.11","华北2（北京）"
"ecs.g3al.23xlarge","92核","368GiB","AMD EPYC(Genoa) 9Y24","-","-","33.1346","15004.35","180052.19","360104.38","540156.57","亚太东南（柔佛）"
"ecs.g3al.23xlarge","92核","368GiB","AMD EPYC(Genoa) 9Y24","-","-","31.6758","15004.35","180052.19","360104.38","540156.57","中国香港"
"ecs.g3al.32xlarge","128核","512GiB","AMD EPYC(Genoa) 9Y24","-","-","35.8782","17508.58","210102.98","420205.95","630308.93","亚太东南（雅加达）"
"ecs.g3al.32xlarge","128核","512GiB","AMD EPYC(Genoa) 9Y24","-","-","27.5986","13468.14","161617.67","323235.35","484853.02","华东2（上海）"
"ecs.g3al.32xlarge","128核","512GiB","AMD EPYC(Genoa) 9Y24","-","-","27.5986","13468.14","161617.67","323235.35","484853.02","华南1（广州）"
"ecs.g3al.32xlarge","128核","512GiB","AMD EPYC(Genoa) 9Y24","-","-","27.5986","13468.14","161617.67","323235.35","484853.02","华北2（北京）"
"ecs.g3al.32xlarge","128核","512GiB","AMD EPYC(Genoa) 9Y24","-","-","46.1003","20875.62","250507.4","501014.79","751522.19","亚太东南（柔佛）"
"ecs.g3al.32xlarge","128核","512GiB","AMD EPYC(Genoa) 9Y24","-","-","44.0707","20875.62","250507.4","501014.79","751522.19","中国香港"
"ecs.g3al.46xlarge","184核","736GiB","AMD EPYC(Genoa) 9Y24","-","-","51.575","25168.59","302023.03","604046.06","906069.09","亚太东南（雅加达）"
"ecs.g3al.46xlarge","184核","736GiB","AMD EPYC(Genoa) 9Y24","-","-","39.6731","19360.45","232325.41","464650.81","696976.22","华东2（上海）"
"ecs.g3al.46xlarge","184核","736GiB","AMD EPYC(Genoa) 9Y24","-","-","39.6731","19360.45","232325.41","464650.81","696976.22","华南1（广州）"
"ecs.g3al.46xlarge","184核","736GiB","AMD EPYC(Genoa) 9Y24","-","-","39.6731","19360.45","232325.41","464650.81","696976.22","华北2（北京）"
"ecs.g3al.46xlarge","184核","736GiB","AMD EPYC(Genoa) 9Y24","-","-","66.2692","30008.7","360104.38","720208.76","1080313.14","亚太东南（柔佛）"
"ecs.g3al.46xlarge","184核","736GiB","AMD EPYC(Genoa) 9Y24","-","-","63.3517","30008.7","360104.38","720208.76","1080313.14","中国香港"
"ecs.g1ie.large","2核","8GiB","-","-","-","0.48","233.93","2807.14","5614.27","8421.41","华东2（上海）"
"ecs.g1ie.large","2核","8GiB","-","-","-","0.48","233.93","2807.14","5614.27","8421.41","华北2（北京）"
"ecs.g1ie.large","2核","8GiB","-","-","-","0.48","233.93","2807.14","5614.27","8421.41","华南1（广州）"
"ecs.g1ie.xlarge","4核","16GiB","-","-","-","0.96","467.86","5614.27","11228.54","16842.82","华东2（上海）"
"ecs.g1ie.xlarge","4核","16GiB","-","-","-","0.96","467.86","5614.27","11228.54","16842.82","华北2（北京）"
"ecs.g1ie.xlarge","4核","16GiB","-","-","-","0.96","467.86","5614.27","11228.54","16842.82","华南1（广州）"
"ecs.g1ie.2xlarge","8核","32GiB","-","-","-","1.92","935.71","11228.54","22457.09","33685.63","华东2（上海）"
"ecs.g1ie.2xlarge","8核","32GiB","-","-","-","1.92","935.71","11228.54","22457.09","33685.63","华南1（广州）"
"ecs.g1ie.2xlarge","8核","32GiB","-","-","-","1.92","935.71","11228.54","22457.09","33685.63","华北2（北京）"
"ecs.g1ie.3xlarge","12核","48GiB","-","-","-","2.88","1403.57","16842.82","33685.63","50528.45","华北2（北京）"
"ecs.g1ie.3xlarge","12核","48GiB","-","-","-","2.88","1403.57","16842.82","33685.63","50528.45","华南1（广州）"
"ecs.g1ie.3xlarge","12核","48GiB","-","-","-","2.88","1403.57","16842.82","33685.63","50528.45","华东2（上海）"
"ecs.g1ie.4xlarge","16核","64GiB","-","-","-","3.83","1871.42","22457.09","44914.18","67371.26","华东2（上海）"
"ecs.g1ie.4xlarge","16核","64GiB","-","-","-","3.83","1871.42","22457.09","44914.18","67371.26","华北2（北京）"
"ecs.g1ie.4xlarge","16核","64GiB","-","-","-","3.83","1871.42","22457.09","44914.18","67371.26","华南1（广州）"
"ecs.g1ie.6xlarge","24核","96GiB","-","-","-","5.76","2807.14","33685.63","67371.26","101056.9","华北2（北京）"
"ecs.g1ie.6xlarge","24核","96GiB","-","-","-","5.76","2807.14","33685.63","67371.26","101056.9","华南1（广州）"
"ecs.g1ie.6xlarge","24核","96GiB","-","-","-","5.76","2807.14","33685.63","67371.26","101056.9","华东2（上海）"
"ecs.g1ie.8xlarge","32核","128GiB","-","-","-","7.67","3742.85","44914.18","89828.35","134742.53","华东2（上海）"
"ecs.g1ie.8xlarge","32核","128GiB","-","-","-","7.67","3742.85","44914.18","89828.35","134742.53","华北2（北京）"
"ecs.g1ie.8xlarge","32核","128GiB","-","-","-","7.67","3742.85","44914.18","89828.35","134742.53","华南1（广州）"
"ecs.g1ie.14xlarge","58核","224GiB","-","-","-","12.35","6025.98","72311.82","144623.64","216935.46","华东2（上海）"
"ecs.g1ie.14xlarge","58核","224GiB","-","-","-","12.35","6025.98","72311.82","144623.64","216935.46","华北2（北京）"
"ecs.g1ie.14xlarge","58核","224GiB","-","-","-","12.35","6025.98","72311.82","144623.64","216935.46","华南1（广州）"
"ecs.g1ie.16xlarge","64核","256GiB","-","-","-","15.34","7485.7","89828.35","179656.7","269485.06","华东2（上海）"
"ecs.g1ie.16xlarge","64核","256GiB","-","-","-","15.34","7485.7","89828.35","179656.7","269485.06","华北2（北京）"
"ecs.g1ie.16xlarge","64核","256GiB","-","-","-","15.34","7485.7","89828.35","179656.7","269485.06","华南1（广州）"
"ecs.g1ie.21xlarge","84核","342GiB","-","-","-","20.13","9824.98","117899.71","235799.42","353699.14","华东2（上海）"
"ecs.g1ie.21xlarge","84核","342GiB","-","-","-","20.13","9824.98","117899.71","235799.42","353699.14","华南1（广州）"
"ecs.g1ie.21xlarge","84核","342GiB","-","-","-","20.13","9824.98","117899.71","235799.42","353699.14","华北2（北京）"
"ecs.g1ie.29xlarge","116核","460GiB","-","-","-","27.8","13567.82","162813.89","325627.78","488441.66","华南1（广州）"
"ecs.g1ie.29xlarge","116核","460GiB","-","-","-","27.8","13567.82","162813.89","325627.78","488441.66","华北2（北京）"
"ecs.g1ie.29xlarge","116核","460GiB","-","-","-","27.8","13567.82","162813.84","325627.68","488441.52","华东2（上海）"
"ecs.c3i.large","2核","4GiB","Intel Xeon(Sapphire Rapids) Platinum 8457C","-","-","0.6144","326.39","3916.68","7833.36","11750.04","亚太东南（雅加达）"
"ecs.c3i.large","2核","4GiB","Intel Xeon(Sapphire Rapids) Platinum 8457C","-","-","0.401","195.7","2348.4","4696.8","7045.2","华南1（广州）"
"ecs.c3i.large","2核","4GiB","Intel Xeon(Sapphire Rapids) Platinum 8457C","-","-","0.6439","326.23","3914.76","7829.52","11744.28","亚太东南（柔佛）"
"ecs.c3i.large","2核","4GiB","Intel Xeon(Sapphire Rapids) Platinum 8457C","-","-","0.401","195.7","2348.4","4696.8","7045.2","华东2（上海）"
"ecs.c3i.large","2核","4GiB","Intel Xeon(Sapphire Rapids) Platinum 8457C","-","-","0.401","195.7","2348.4","4696.8","7045.2","华北2（北京）"
"ecs.c3i.large","2核","4GiB","Intel Xeon(Sapphire Rapids) Platinum 8457C","-","-","0.6771","361.02","4332.23","8664.46","12996.68","中国香港"
"ecs.c3i.xlarge","4核","8GiB","Intel Xeon(Sapphire Rapids) Platinum 8457C","-","-","1.2288","652.78","7833.36","15666.72","23500.08","亚太东南（雅加达）"
"ecs.c3i.xlarge","4核","8GiB","Intel Xeon(Sapphire Rapids) Platinum 8457C","-","-","0.802","391.4","4696.8","9393.6","14090.4","华南1（广州）"
"ecs.c3i.xlarge","4核","8GiB","Intel Xeon(Sapphire Rapids) Platinum 8457C","-","-","1.2878","652.46","7829.52","15659.04","23488.56","亚太东南（柔佛）"
"ecs.c3i.xlarge","4核","8GiB","Intel Xeon(Sapphire Rapids) Platinum 8457C","-","-","0.802","391.4","4696.8","9393.6","14090.4","华东2（上海）"
"ecs.c3i.xlarge","4核","8GiB","Intel Xeon(Sapphire Rapids) Platinum 8457C","-","-","0.802","391.4","4696.8","9393.6","14090.4","华北2（北京）"
"ecs.c3i.xlarge","4核","8GiB","Intel Xeon(Sapphire Rapids) Platinum 8457C","-","-","1.3541","722.04","8664.46","17328.91","25993.37","中国香港"
"ecs.c3i.2xlarge","8核","16GiB","Intel Xeon(Sapphire Rapids) Platinum 8457C","-","-","2.4575","1305.56","15666.72","31333.44","47000.16","亚太东南（雅加达）"
"ecs.c3i.2xlarge","8核","16GiB","Intel Xeon(Sapphire Rapids) Platinum 8457C","-","-","1.6041","782.8","9393.6","18787.2","28180.8","华南1（广州）"
"ecs.c3i.2xlarge","8核","16GiB","Intel Xeon(Sapphire Rapids) Platinum 8457C","-","-","2.5755","1304.92","15659.04","31318.08","46977.12","亚太东南（柔佛）"
"ecs.c3i.2xlarge","8核","16GiB","Intel Xeon(Sapphire Rapids) Platinum 8457C","-","-","1.6041","782.8","9393.6","18787.2","28180.8","华东2（上海）"
"ecs.c3i.2xlarge","8核","16GiB","Intel Xeon(Sapphire Rapids) Platinum 8457C","-","-","1.6041","782.8","9393.6","18787.2","28180.8","华北2（北京）"
"ecs.c3i.2xlarge","8核","16GiB","Intel Xeon(Sapphire Rapids) Platinum 8457C","-","-","2.7083","1444.08","17328.91","34657.82","51986.74","中国香港"
"ecs.c3i.4xlarge","16核","32GiB","Intel Xeon(Sapphire Rapids) Platinum 8457C","-","-","4.915","2611.13","31333.56","62667.12","94000.68","亚太东南（雅加达）"
"ecs.c3i.4xlarge","16核","32GiB","Intel Xeon(Sapphire Rapids) Platinum 8457C","-","-","3.2082","1565.6","18787.2","37574.4","56361.6","华南1（广州）"
"ecs.c3i.4xlarge","16核","32GiB","Intel Xeon(Sapphire Rapids) Platinum 8457C","-","-","5.151","2609.84","31318.08","62636.16","93954.24","亚太东南（柔佛）"
"ecs.c3i.4xlarge","16核","32GiB","Intel Xeon(Sapphire Rapids) Platinum 8457C","-","-","3.2082","1565.6","18787.2","37574.4","56361.6","华东2（上海）"
"ecs.c3i.4xlarge","16核","32GiB","Intel Xeon(Sapphire Rapids) Platinum 8457C","-","-","3.2082","1565.6","18787.2","37574.4","56361.6","华北2（北京）"
"ecs.c3i.4xlarge","16核","32GiB","Intel Xeon(Sapphire Rapids) Platinum 8457C","-","-","5.4165","2888.15","34657.82","69315.65","103973.47","中国香港"
"ecs.c3i.8xlarge","32核","64GiB","Intel Xeon(Sapphire Rapids) Platinum 8457C","-","-","9.83","5222.26","62667.12","125334.24","188001.36","亚太东南（雅加达）"
"ecs.c3i.8xlarge","32核","64GiB","Intel Xeon(Sapphire Rapids) Platinum 8457C","-","-","6.4164","3131.2","37574.4","75148.8","112723.2","华南1（广州）"
"ecs.c3i.8xlarge","32核","64GiB","Intel Xeon(Sapphire Rapids) Platinum 8457C","-","-","10.302","5219.68","62636.16","125272.32","187908.48","亚太东南（柔佛）"
"ecs.c3i.8xlarge","32核","64GiB","Intel Xeon(Sapphire Rapids) Platinum 8457C","-","-","6.4164","3131.2","37574.4","75148.8","112723.2","华东2（上海）"
"ecs.c3i.8xlarge","32核","64GiB","Intel Xeon(Sapphire Rapids) Platinum 8457C","-","-","6.4164","3131.2","37574.4","75148.8","112723.2","华北2（北京）"
"ecs.c3i.8xlarge","32核","64GiB","Intel Xeon(Sapphire Rapids) Platinum 8457C","-","-","10.8331","5776.3","69315.65","138631.3","207946.94","中国香港"
"ecs.c3i.12xlarge","48核","96GiB","Intel Xeon(Sapphire Rapids) Platinum 8457C","-","-","14.745","7833.39","94000.68","188001.36","282002.04","亚太东南（雅加达）"
"ecs.c3i.12xlarge","48核","96GiB","Intel Xeon(Sapphire Rapids) Platinum 8457C","-","-","9.6246","4696.8","56361.6","112723.2","169084.8","华南1（广州）"
"ecs.c3i.12xlarge","48核","96GiB","Intel Xeon(Sapphire Rapids) Platinum 8457C","-","-","15.453","7829.52","93954.24","187908.48","281862.72","亚太东南（柔佛）"
"ecs.c3i.12xlarge","48核","96GiB","Intel Xeon(Sapphire Rapids) Platinum 8457C","-","-","9.6246","4696.8","56361.6","112723.2","169084.8","华东2（上海）"
"ecs.c3i.12xlarge","48核","96GiB","Intel Xeon(Sapphire Rapids) Platinum 8457C","-","-","9.6246","4696.8","56361.6","112723.2","169084.8","华北2（北京）"
"ecs.c3i.12xlarge","48核","96GiB","Intel Xeon(Sapphire Rapids) Platinum 8457C","-","-","16.2496","8664.46","103973.47","207946.94","311920.42","中国香港"
"ecs.c3i.16xlarge","64核","128GiB","Intel Xeon(Sapphire Rapids) Platinum 8457C","-","-","19.66","10444.52","125334.24","250668.48","376002.72","亚太东南（雅加达）"
"ecs.c3i.16xlarge","64核","128GiB","Intel Xeon(Sapphire Rapids) Platinum 8457C","-","-","12.8328","6262.4","75148.8","150297.6","225446.4","华南1（广州）"
"ecs.c3i.16xlarge","64核","128GiB","Intel Xeon(Sapphire Rapids) Platinum 8457C","-","-","20.604","10439.36","125272.32","250544.64","375816.96","亚太东南（柔佛）"
"ecs.c3i.16xlarge","64核","128GiB","Intel Xeon(Sapphire Rapids) Platinum 8457C","-","-","12.8328","6262.4","75148.8","150297.6","225446.4","华东2（上海）"
"ecs.c3i.16xlarge","64核","128GiB","Intel Xeon(Sapphire Rapids) Platinum 8457C","-","-","12.8328","6262.4","75148.8","150297.6","225446.4","华北2（北京）"
"ecs.c3i.16xlarge","64核","128GiB","Intel Xeon(Sapphire Rapids) Platinum 8457C","-","-","21.6662","11552.61","138631.3","277262.59","415893.89","中国香港"
"ecs.c3i.24xlarge","96核","192GiB","Intel Xeon(Sapphire Rapids) Platinum 8457C","-","-","29.49","15666.79","188001.48","376002.96","564004.44","亚太东南（雅加达）"
"ecs.c3i.24xlarge","96核","192GiB","Intel Xeon(Sapphire Rapids) Platinum 8457C","-","-","19.2492","9393.6","112723.2","225446.4","338169.6","华南1（广州）"
"ecs.c3i.24xlarge","96核","192GiB","Intel Xeon(Sapphire Rapids) Platinum 8457C","-","-","30.906","15659.04","187908.48","375816.96","563725.44","亚太东南（柔佛）"
"ecs.c3i.24xlarge","96核","192GiB","Intel Xeon(Sapphire Rapids) Platinum 8457C","-","-","19.2492","9393.6","112723.2","225446.4","338169.6","华东2（上海）"
"ecs.c3i.24xlarge","96核","192GiB","Intel Xeon(Sapphire Rapids) Platinum 8457C","-","-","19.2492","9393.6","112723.2","225446.4","338169.6","华北2（北京）"
"ecs.c3i.24xlarge","96核","192GiB","Intel Xeon(Sapphire Rapids) Platinum 8457C","-","-","32.4992","17328.91","207946.94","415893.89","623840.83","中国香港"
"ecs.c3a.large","2核","4GiB","AMD EPYC(Genon) 9Y24","-","-","0.4456","217.45","2609.45","5218.9","7828.35","亚太东南（雅加达）"
"ecs.c3a.large","2核","4GiB","AMD EPYC(Genon) 9Y24","-","-","0.5219","260.95","3131.34","6262.68","9394.03","亚太东南（柔佛）"
"ecs.c3a.large","2核","4GiB","AMD EPYC(Genon) 9Y24","-","-","0.2875","140.29","1683.52","3367.03","5050.55","华北2（北京）"
"ecs.c3a.large","2核","4GiB","AMD EPYC(Genon) 9Y24","-","-","0.287472","140.29","1683.52","3367.03","5050.55","华南1（广州）"
"ecs.c3a.large","2核","4GiB","AMD EPYC(Genon) 9Y24","-","-","0.287472","140.29","1683.52","3367.03","5050.55","华东2（上海）"
"ecs.c3a.large","2核","4GiB","AMD EPYC(Genon) 9Y24","-","-","0.5688","249.72","2996.66","5993.32","8989.98","中国香港"
"ecs.c3a.xlarge","4核","8GiB","AMD EPYC(Genoa) 9Y24","-","-","0.8912","434.91","5218.9","10437.81","15656.71","亚太东南（雅加达）"
"ecs.c3a.xlarge","4核","8GiB","AMD EPYC(Genoa) 9Y24","-","-","1.0438","521.89","6262.68","12525.37","18788.05","亚太东南（柔佛）"
"ecs.c3a.xlarge","4核","8GiB","AMD EPYC(Genoa) 9Y24","-","-","0.5749","280.59","3367.03","6734.07","10101.1","华北2（北京）"
"ecs.c3a.xlarge","4核","8GiB","AMD EPYC(Genoa) 9Y24","-","-","0.574944","280.59","3367.03","6734.07","10101.1","华南1（广州）"
"ecs.c3a.xlarge","4核","8GiB","AMD EPYC(Genoa) 9Y24","-","-","0.574944","280.59","3367.03","6734.07","10101.1","华东2（上海）"
"ecs.c3a.xlarge","4核","8GiB","AMD EPYC(Genoa) 9Y24","-","-","1.1376","499.44","5993.32","11986.64","17979.97","中国香港"
"ecs.c3a.2xlarge","8核","16GiB","AMD EPYC(Genoa) 9Y24","-","-","1.7825","869.82","10437.81","20875.62","31313.42","亚太东南（雅加达）"
"ecs.c3a.2xlarge","8核","16GiB","AMD EPYC(Genoa) 9Y24","-","-","2.0876","1043.78","12525.37","25050.74","37576.11","亚太东南（柔佛）"
"ecs.c3a.2xlarge","8核","16GiB","AMD EPYC(Genoa) 9Y24","-","-","1.15","561.17","6734.07","13468.14","20202.21","华北2（北京）"
"ecs.c3a.2xlarge","8核","16GiB","AMD EPYC(Genoa) 9Y24","-","-","1.149994","561.17","6734.07","13468.14","20202.21","华南1（广州）"
"ecs.c3a.2xlarge","8核","16GiB","AMD EPYC(Genoa) 9Y24","-","-","1.149994","561.17","6734.07","13468.14","20202.21","华东2（上海）"
"ecs.c3a.2xlarge","8核","16GiB","AMD EPYC(Genoa) 9Y24","-","-","2.2752","998.89","11986.64","23973.29","35959.93","中国香港"
"ecs.c3a.4xlarge","16核","32GiB","AMD EPYC(Genoa) 9Y24","-","-","3.5648","1739.63","20875.62","41751.23","62626.85","亚太东南（雅加达）"
"ecs.c3a.4xlarge","16核","32GiB","AMD EPYC(Genoa) 9Y24","-","-","4.1751","2087.56","25050.74","50101.48","75152.22","亚太东南（柔佛）"
"ecs.c3a.4xlarge","16核","32GiB","AMD EPYC(Genoa) 9Y24","-","-","2.2999","1122.34","13468.14","26936.28","40404.42","华北2（北京）"
"ecs.c3a.4xlarge","16核","32GiB","AMD EPYC(Genoa) 9Y24","-","-","2.299882","1122.34","13468.14","26936.28","40404.42","华南1（广州）"
"ecs.c3a.4xlarge","16核","32GiB","AMD EPYC(Genoa) 9Y24","-","-","2.299882","1122.34","13468.14","26936.28","40404.42","华东2（上海）"
"ecs.c3a.4xlarge","16核","32GiB","AMD EPYC(Genoa) 9Y24","-","-","4.5505","1997.77","23973.29","47946.58","71919.86","中国香港"
"ecs.c3a.8xlarge","32核","64GiB","AMD EPYC(Genoa) 9Y24","-","-","7.1296","3479.27","41751.23","83502.47","125253.7","亚太东南（雅加达）"
"ecs.c3a.8xlarge","32核","64GiB","AMD EPYC(Genoa) 9Y24","-","-","8.3502","4175.12","50101.48","100202.96","150304.44","亚太东南（柔佛）"
"ecs.c3a.8xlarge","32核","64GiB","AMD EPYC(Genoa) 9Y24","-","-","4.5998","2244.69","26936.28","53872.56","80808.84","华北2（北京）"
"ecs.c3a.8xlarge","32核","64GiB","AMD EPYC(Genoa) 9Y24","-","-","4.599764","2244.69","26936.28","53872.56","80808.84","华南1（广州）"
"ecs.c3a.8xlarge","32核","64GiB","AMD EPYC(Genoa) 9Y24","-","-","4.599764","2244.69","26936.28","53872.56","80808.84","华东2（上海）"
"ecs.c3a.8xlarge","32核","64GiB","AMD EPYC(Genoa) 9Y24","-","-","9.101","3995.55","47946.58","95893.15","143839.73","中国香港"
"ecs.c3a.12xlarge","48核","96GiB","AMD EPYC(Genoa) 9Y24","-","-","10.6945","5218.9","62626.85","125253.7","187880.55","亚太东南（雅加达）"
"ecs.c3a.12xlarge","48核","96GiB","AMD EPYC(Genoa) 9Y24","-","-","12.5254","6262.68","75152.22","150304.44","225456.66","亚太东南（柔佛）"
"ecs.c3a.12xlarge","48核","96GiB","AMD EPYC(Genoa) 9Y24","-","-","6.8996","3367.03","40404.42","80808.84","121213.26","华北2（北京）"
"ecs.c3a.12xlarge","48核","96GiB","AMD EPYC(Genoa) 9Y24","-","-","6.899646","3367.03","40404.42","80808.84","121213.26","华南1（广州）"
"ecs.c3a.12xlarge","48核","96GiB","AMD EPYC(Genoa) 9Y24","-","-","6.899646","3367.03","40404.42","80808.84","121213.26","华东2（上海）"
"ecs.c3a.12xlarge","48核","96GiB","AMD EPYC(Genoa) 9Y24","-","-","13.6515","5993.32","71919.87","143839.73","215759.6","中国香港"
"ecs.c3a.16xlarge","64核","128GiB","AMD EPYC(Genoa) 9Y24","-","-","14.2593","6958.54","83502.47","167004.93","250507.4","亚太东南（雅加达）"
"ecs.c3a.16xlarge","64核","128GiB","AMD EPYC(Genoa) 9Y24","-","-","16.7005","8350.25","100202.96","200405.92","300608.87","亚太东南（柔佛）"
"ecs.c3a.16xlarge","64核","128GiB","AMD EPYC(Genoa) 9Y24","-","-","9.1995","4489.38","53872.56","107745.12","161617.67","华北2（北京）"
"ecs.c3a.16xlarge","64核","128GiB","AMD EPYC(Genoa) 9Y24","-","-","9.199528","4489.38","53872.56","107745.12","161617.67","华南1（广州）"
"ecs.c3a.16xlarge","64核","128GiB","AMD EPYC(Genoa) 9Y24","-","-","9.199528","4489.38","53872.56","107745.12","161617.67","华东2（上海）"
"ecs.c3a.16xlarge","64核","128GiB","AMD EPYC(Genoa) 9Y24","-","-","18.2019","7991.1","95893.15","191786.31","287679.46","中国香港"
"ecs.c3a.24xlarge","96核","192GiB","AMD EPYC(Genoa) 9Y24","-","-","21.3889","10437.81","125253.7","250507.39","375761.09","亚太东南（雅加达）"
"ecs.c3a.24xlarge","96核","192GiB","AMD EPYC(Genoa) 9Y24","-","-","25.0507","12525.37","150304.44","300608.88","450913.31","亚太东南（柔佛）"
"ecs.c3a.24xlarge","96核","192GiB","AMD EPYC(Genoa) 9Y24","-","-","13.7993","6734.07","80808.84","161617.68","242426.51","华北2（北京）"
"ecs.c3a.24xlarge","96核","192GiB","AMD EPYC(Genoa) 9Y24","-","-","13.799292","6734.07","80808.84","161617.67","242426.51","华南1（广州）"
"ecs.c3a.24xlarge","96核","192GiB","AMD EPYC(Genoa) 9Y24","-","-","13.799292","6734.07","80808.84","161617.67","242426.51","华东2（上海）"
"ecs.c3a.24xlarge","96核","192GiB","AMD EPYC(Genoa) 9Y24","-","-","27.3029","11986.64","143839.73","287679.46","431519.19","中国香港"
"ecs.c3a.32xlarge","128核","256GiB","AMD EPYC(Genoa) 9Y24","-","-","28.5185","13917.08","167004.93","334009.86","501014.79","亚太东南（雅加达）"
"ecs.c3a.32xlarge","128核","256GiB","AMD EPYC(Genoa) 9Y24","-","-","33.401","16700.49","200405.92","400811.83","601217.75","亚太东南（柔佛）"
"ecs.c3a.32xlarge","128核","256GiB","AMD EPYC(Genoa) 9Y24","-","-","18.3991","8978.76","107745.12","215490.23","323235.35","华北2（北京）"
"ecs.c3a.32xlarge","128核","256GiB","AMD EPYC(Genoa) 9Y24","-","-","18.399056","8978.76","107745.12","215490.23","323235.35","华南1（广州）"
"ecs.c3a.32xlarge","128核","256GiB","AMD EPYC(Genoa) 9Y24","-","-","18.399056","8978.76","107745.12","215490.23","323235.35","华东2（上海）"
"ecs.c3a.32xlarge","128核","256GiB","AMD EPYC(Genoa) 9Y24","-","-","36.4039","15982.19","191786.31","383572.61","575358.92","中国香港"
"ecs.c3a.48xlarge","192核","384GiB","AMD EPYC(Genoa) 9Y24","-","-","42.7778","20875.62","250507.4","501014.79","751522.19","亚太东南（雅加达）"
"ecs.c3a.48xlarge","192核","384GiB","AMD EPYC(Genoa) 9Y24","-","-","50.1015","25050.74","300608.87","601217.75","901826.62","亚太东南（柔佛）"
"ecs.c3a.48xlarge","192核","384GiB","AMD EPYC(Genoa) 9Y24","-","-","27.5986","13468.14","161617.67","323235.35","484853.02","华北2（北京）"
"ecs.c3a.48xlarge","192核","384GiB","AMD EPYC(Genoa) 9Y24","-","-","27.598584","13468.14","161617.67","323235.35","484853.02","华南1（广州）"
"ecs.c3a.48xlarge","192核","384GiB","AMD EPYC(Genoa) 9Y24","-","-","27.598584","13468.14","161617.67","323235.35","484853.02","华东2（上海）"
"ecs.c3a.48xlarge","192核","384GiB","AMD EPYC(Genoa) 9Y24","-","-","54.6058","23973.29","287679.46","575358.92","863038.38","中国香港"
"ecs.c3il.large","2核","4GiB","Intel Xeon(Sapphire Rapids) Platinum 8457C","-","-","0.6144","326.39","3916.68","7833.36","11750.04","亚太东南（雅加达）"
"ecs.c3il.large","2核","4GiB","Intel Xeon(Sapphire Rapids) Platinum 8457C","-","-","0.6439","326.23","3914.76","7829.52","11744.28","亚太东南（柔佛）"
"ecs.c3il.large","2核","4GiB","Intel Xeon(Sapphire Rapids) Platinum 8457C","-","-","0.401","195.7","2348.4","4696.8","7045.2","华东2（上海）"
"ecs.c3il.large","2核","4GiB","Intel Xeon(Sapphire Rapids) Platinum 8457C","-","-","0.401","195.7","2348.4","4696.8","7045.2","华南1（广州）"
"ecs.c3il.large","2核","4GiB","Intel Xeon(Sapphire Rapids) Platinum 8457C","-","-","0.401","195.7","2348.4","4696.8","7045.2","华北2（北京）"
"ecs.c3il.large","2核","4GiB","Intel Xeon(Sapphire Rapids) Platinum 8457C","-","-","0.6771","361.02","4332.23","8664.46","12996.68","中国香港"
"ecs.c3il.xlarge","4核","8GiB","Intel Xeon(Sapphire Rapids) Platinum 8457C","-","-","1.2288","652.78","7833.36","15666.72","23500.08","亚太东南（雅加达）"
"ecs.c3il.xlarge","4核","8GiB","Intel Xeon(Sapphire Rapids) Platinum 8457C","-","-","1.2878","652.46","7829.52","15659.04","23488.56","亚太东南（柔佛）"
"ecs.c3il.xlarge","4核","8GiB","Intel Xeon(Sapphire Rapids) Platinum 8457C","-","-","0.802","391.4","4696.8","9393.6","14090.4","华东2（上海）"
"ecs.c3il.xlarge","4核","8GiB","Intel Xeon(Sapphire Rapids) Platinum 8457C","-","-","0.802","391.4","4696.8","9393.6","14090.4","华南1（广州）"
"ecs.c3il.xlarge","4核","8GiB","Intel Xeon(Sapphire Rapids) Platinum 8457C","-","-","0.802","391.4","4696.8","9393.6","14090.4","华北2（北京）"
"ecs.c3il.xlarge","4核","8GiB","Intel Xeon(Sapphire Rapids) Platinum 8457C","-","-","1.3541","722.04","8664.46","17328.91","25993.37","中国香港"
"ecs.c3il.2xlarge","8核","16GiB","Intel Xeon(Sapphire Rapids) Platinum 8457C","-","-","2.4575","1305.56","15666.72","31333.44","47000.16","亚太东南（雅加达）"
"ecs.c3il.2xlarge","8核","16GiB","Intel Xeon(Sapphire Rapids) Platinum 8457C","-","-","2.5755","1304.92","15659.04","31318.08","46977.12","亚太东南（柔佛）"
"ecs.c3il.2xlarge","8核","16GiB","Intel Xeon(Sapphire Rapids) Platinum 8457C","-","-","1.6041","782.8","9393.6","18787.2","28180.8","华东2（上海）"
"ecs.c3il.2xlarge","8核","16GiB","Intel Xeon(Sapphire Rapids) Platinum 8457C","-","-","1.6041","782.8","9393.6","18787.2","28180.8","华南1（广州）"
"ecs.c3il.2xlarge","8核","16GiB","Intel Xeon(Sapphire Rapids) Platinum 8457C","-","-","1.6041","782.8","9393.6","18787.2","28180.8","华北2（北京）"
"ecs.c3il.2xlarge","8核","16GiB","Intel Xeon(Sapphire Rapids) Platinum 8457C","-","-","2.7083","1444.08","17328.91","34657.82","51986.74","中国香港"
"ecs.c3il.4xlarge","16核","32GiB","Intel Xeon(Sapphire Rapids) Platinum 8457C","-","-","4.915","2611.13","31333.56","62667.12","94000.68","亚太东南（雅加达）"
"ecs.c3il.4xlarge","16核","32GiB","Intel Xeon(Sapphire Rapids) Platinum 8457C","-","-","5.151","2609.84","31318.08","62636.16","93954.24","亚太东南（柔佛）"
"ecs.c3il.4xlarge","16核","32GiB","Intel Xeon(Sapphire Rapids) Platinum 8457C","-","-","3.2082","1565.6","18787.2","37574.4","56361.6","华东2（上海）"
"ecs.c3il.4xlarge","16核","32GiB","Intel Xeon(Sapphire Rapids) Platinum 8457C","-","-","3.2082","1565.6","18787.2","37574.4","56361.6","华南1（广州）"
"ecs.c3il.4xlarge","16核","32GiB","Intel Xeon(Sapphire Rapids) Platinum 8457C","-","-","3.2082","1565.6","18787.2","37574.4","56361.6","华北2（北京）"
"ecs.c3il.4xlarge","16核","32GiB","Intel Xeon(Sapphire Rapids) Platinum 8457C","-","-","5.4165","2888.15","34657.82","69315.65","103973.47","中国香港"
"ecs.c3il.8xlarge","32核","64GiB","Intel Xeon(Sapphire Rapids) Platinum 8457C","-","-","9.83","5222.26","62667.12","125334.24","188001.36","亚太东南（雅加达）"
"ecs.c3il.8xlarge","32核","64GiB","Intel Xeon(Sapphire Rapids) Platinum 8457C","-","-","10.302","5219.68","62636.16","125272.32","187908.48","亚太东南（柔佛）"
"ecs.c3il.8xlarge","32核","64GiB","Intel Xeon(Sapphire Rapids) Platinum 8457C","-","-","6.4164","3131.2","37574.4","75148.8","112723.2","华东2（上海）"
"ecs.c3il.8xlarge","32核","64GiB","Intel Xeon(Sapphire Rapids) Platinum 8457C","-","-","6.4164","3131.2","37574.4","75148.8","112723.2","华南1（广州）"
"ecs.c3il.8xlarge","32核","64GiB","Intel Xeon(Sapphire Rapids) Platinum 8457C","-","-","6.4164","3131.2","37574.4","75148.8","112723.2","华北2（北京）"
"ecs.c3il.8xlarge","32核","64GiB","Intel Xeon(Sapphire Rapids) Platinum 8457C","-","-","10.8331","5776.3","69315.65","138631.3","207946.94","中国香港"
"ecs.c3il.12xlarge","48核","96GiB","Intel Xeon(Sapphire Rapids) Platinum 8457C","-","-","14.745","7833.39","94000.68","188001.36","282002.04","亚太东南（雅加达）"
"ecs.c3il.12xlarge","48核","96GiB","Intel Xeon(Sapphire Rapids) Platinum 8457C","-","-","15.453","7829.52","93954.24","187908.48","281862.72","亚太东南（柔佛）"
"ecs.c3il.12xlarge","48核","96GiB","Intel Xeon(Sapphire Rapids) Platinum 8457C","-","-","9.6246","4696.8","56361.6","112723.2","169084.8","华东2（上海）"
"ecs.c3il.12xlarge","48核","96GiB","Intel Xeon(Sapphire Rapids) Platinum 8457C","-","-","9.6246","4696.8","56361.6","112723.2","169084.8","华南1（广州）"
"ecs.c3il.12xlarge","48核","96GiB","Intel Xeon(Sapphire Rapids) Platinum 8457C","-","-","9.6246","4696.8","56361.6","112723.2","169084.8","华北2（北京）"
"ecs.c3il.12xlarge","48核","96GiB","Intel Xeon(Sapphire Rapids) Platinum 8457C","-","-","16.2496","8664.46","103973.47","207946.94","311920.42","中国香港"
"ecs.c3il.16xlarge","64核","128GiB","Intel Xeon(Sapphire Rapids) Platinum 8457C","-","-","19.66","10444.52","125334.24","250668.48","376002.72","亚太东南（雅加达）"
"ecs.c3il.16xlarge","64核","128GiB","Intel Xeon(Sapphire Rapids) Platinum 8457C","-","-","20.604","10439.36","125272.32","250544.64","375816.96","亚太东南（柔佛）"
"ecs.c3il.16xlarge","64核","128GiB","Intel Xeon(Sapphire Rapids) Platinum 8457C","-","-","12.8328","6262.4","75148.8","150297.6","225446.4","华东2（上海）"
"ecs.c3il.16xlarge","64核","128GiB","Intel Xeon(Sapphire Rapids) Platinum 8457C","-","-","12.8328","6262.4","75148.8","150297.6","225446.4","华南1（广州）"
"ecs.c3il.16xlarge","64核","128GiB","Intel Xeon(Sapphire Rapids) Platinum 8457C","-","-","12.8328","6262.4","75148.8","150297.6","225446.4","华北2（北京）"
"ecs.c3il.23xlarge","90核","216GiB","Intel Xeon(Sapphire Rapids) Platinum 8457C","-","-","31.3977","15908.16","190897.93","381795.87","572693.8","亚太东南（柔佛）"
"ecs.c3il.23xlarge","90核","216GiB","Intel Xeon(Sapphire Rapids) Platinum 8457C","-","-","19.5555","9543.05","114516.57","229033.14","343549.72","华东2（上海）"
"ecs.c3il.23xlarge","90核","216GiB","Intel Xeon(Sapphire Rapids) Platinum 8457C","-","-","19.5555","9543.05","114516.57","229033.14","343549.72","华南1（广州）"
"ecs.c3il.23xlarge","90核","216GiB","Intel Xeon(Sapphire Rapids) Platinum 8457C","-","-","19.5555","9543.05","114516.57","229033.14","343549.72","华北2（北京）"
"ecs.c3il.29xlarge","114核","228GiB","Intel Xeon(Emerald Rapids) Platinum 8582C","-","-","22.857","11154.9","133858.8","267717.6","401576.4","华东2（上海）"
"ecs.c3il.29xlarge","114核","228GiB","Intel Xeon(Emerald Rapids) Platinum 8582C","-","-","22.857","11154.9","133858.8","267717.6","401576.4","华南1（广州）"
"ecs.c3il.29xlarge","114核","228GiB","Intel Xeon(Emerald Rapids) Platinum 8582C","-","-","22.857","11154.9","133858.8","267717.6","401576.4","华北2（北京）"
"ecs.c3al.large","2核","4GiB","AMD EPYC(Genoa) 9Y24","-","-","0.4456","217.45","2609.45","5218.9","7828.35","亚太东南（雅加达）"
"ecs.c3al.large","2核","4GiB","AMD EPYC(Genoa) 9Y24","-","-","0.5219","260.95","3131.34","6262.68","9394.03","亚太东南（柔佛）"
"ecs.c3al.large","2核","4GiB","AMD EPYC(Genoa) 9Y24","-","-","0.2875","140.29","1683.52","3367.03","5050.55","华北2（北京）"
"ecs.c3al.large","2核","4GiB","AMD EPYC(Genoa) 9Y24","-","-","0.2875","140.29","1683.52","3367.03","5050.55","华南1（广州）"
"ecs.c3al.large","2核","4GiB","AMD EPYC(Genoa) 9Y24","-","-","0.2875","140.29","1683.52","3367.03","5050.55","华东2（上海）"
"ecs.c3al.large","2核","4GiB","AMD EPYC(Genoa) 9Y24","-","-","0.5688","249.72","2996.66","5993.32","8989.98","中国香港"
"ecs.c3al.xlarge","4核","8GiB","AMD EPYC(Genoa) 9Y24","-","-","0.8912","434.91","5218.9","10437.81","15656.71","亚太东南（雅加达）"
"ecs.c3al.xlarge","4核","8GiB","AMD EPYC(Genoa) 9Y24","-","-","1.0438","521.89","6262.68","12525.37","18788.05","亚太东南（柔佛）"
"ecs.c3al.xlarge","4核","8GiB","AMD EPYC(Genoa) 9Y24","-","-","0.5749","280.59","3367.03","6734.07","10101.1","华北2（北京）"
"ecs.c3al.xlarge","4核","8GiB","AMD EPYC(Genoa) 9Y24","-","-","0.5749","280.59","3367.03","6734.07","10101.1","华南1（广州）"
"ecs.c3al.xlarge","4核","8GiB","AMD EPYC(Genoa) 9Y24","-","-","0.5749","280.59","3367.03","6734.07","10101.1","华东2（上海）"
"ecs.c3al.xlarge","4核","8GiB","AMD EPYC(Genoa) 9Y24","-","-","1.1376","499.44","5993.32","11986.64","17979.97","中国香港"
"ecs.c3al.2xlarge","8核","16GiB","AMD EPYC(Genoa) 9Y24","-","-","1.7823","869.82","10437.81","20875.62","31313.42","亚太东南（雅加达）"
"ecs.c3al.2xlarge","8核","16GiB","AMD EPYC(Genoa) 9Y24","-","-","2.0876","1043.78","12525.37","25050.74","37576.11","亚太东南（柔佛）"
"ecs.c3al.2xlarge","8核","16GiB","AMD EPYC(Genoa) 9Y24","-","-","1.15","561.17","6734.07","13468.14","20202.21","华北2（北京）"
"ecs.c3al.2xlarge","8核","16GiB","AMD EPYC(Genoa) 9Y24","-","-","1.15","561.17","6734.07","13468.14","20202.21","华南1（广州）"
"ecs.c3al.2xlarge","8核","16GiB","AMD EPYC(Genoa) 9Y24","-","-","1.15","561.17","6734.07","13468.14","20202.21","华东2（上海）"
"ecs.c3al.2xlarge","8核","16GiB","AMD EPYC(Genoa) 9Y24","-","-","2.2752","998.89","11986.64","23973.29","35959.93","中国香港"
"ecs.c3al.4xlarge","16核","32GiB","AMD EPYC(Genoa) 9Y24","-","-","3.5647","1739.63","20875.62","41751.23","62626.85","亚太东南（雅加达）"
"ecs.c3al.4xlarge","16核","32GiB","AMD EPYC(Genoa) 9Y24","-","-","4.1751","2087.56","25050.74","50101.48","75152.22","亚太东南（柔佛）"
"ecs.c3al.4xlarge","16核","32GiB","AMD EPYC(Genoa) 9Y24","-","-","2.2999","1122.34","13468.14","26936.28","40404.42","华北2（北京）"
"ecs.c3al.4xlarge","16核","32GiB","AMD EPYC(Genoa) 9Y24","-","-","2.2999","1122.34","13468.14","26936.28","40404.42","华南1（广州）"
"ecs.c3al.4xlarge","16核","32GiB","AMD EPYC(Genoa) 9Y24","-","-","2.2999","1122.34","13468.14","26936.28","40404.42","华东2（上海）"
"ecs.c3al.4xlarge","16核","32GiB","AMD EPYC(Genoa) 9Y24","-","-","4.5505","1997.77","23973.29","47946.58","71919.86","中国香港"
"ecs.c3al.8xlarge","32核","64GiB","AMD EPYC(Genoa) 9Y24","-","-","7.1293","3479.27","41751.23","83502.47","125253.7","亚太东南（雅加达）"
"ecs.c3al.8xlarge","32核","64GiB","AMD EPYC(Genoa) 9Y24","-","-","8.3502","4175.12","50101.48","100202.96","150304.44","亚太东南（柔佛）"
"ecs.c3al.8xlarge","32核","64GiB","AMD EPYC(Genoa) 9Y24","-","-","4.5998","2244.69","26936.28","53872.56","80808.84","华北2（北京）"
"ecs.c3al.8xlarge","32核","64GiB","AMD EPYC(Genoa) 9Y24","-","-","4.5998","2244.69","26936.28","53872.56","80808.84","华南1（广州）"
"ecs.c3al.8xlarge","32核","64GiB","AMD EPYC(Genoa) 9Y24","-","-","4.5998","2244.69","26936.28","53872.56","80808.84","华东2（上海）"
"ecs.c3al.8xlarge","32核","64GiB","AMD EPYC(Genoa) 9Y24","-","-","9.101","3995.55","47946.58","95893.15","143839.73","中国香港"
"ecs.c3al.12xlarge","48核","96GiB","AMD EPYC(Genoa) 9Y24","-","-","10.694","5218.9","62626.85","125253.7","187880.55","亚太东南（雅加达）"
"ecs.c3al.12xlarge","48核","96GiB","AMD EPYC(Genoa) 9Y24","-","-","12.5254","6262.68","75152.22","150304.44","225456.66","亚太东南（柔佛）"
"ecs.c3al.12xlarge","48核","96GiB","AMD EPYC(Genoa) 9Y24","-","-","6.8996","3367.03","40404.42","80808.84","121213.26","华北2（北京）"
"ecs.c3al.12xlarge","48核","96GiB","AMD EPYC(Genoa) 9Y24","-","-","6.8996","3367.03","40404.42","80808.84","121213.26","华南1（广州）"
"ecs.c3al.12xlarge","48核","96GiB","AMD EPYC(Genoa) 9Y24","-","-","6.8996","3367.03","40404.42","80808.84","121213.26","华东2（上海）"
"ecs.c3al.12xlarge","48核","96GiB","AMD EPYC(Genoa) 9Y24","-","-","13.6515","5993.32","71919.87","143839.73","215759.6","中国香港"
"ecs.c3al.16xlarge","64核","128GiB","AMD EPYC(Genoa) 9Y24","-","-","14.2586","6958.54","83502.47","167004.93","250507.4","亚太东南（雅加达）"
"ecs.c3al.16xlarge","64核","128GiB","AMD EPYC(Genoa) 9Y24","-","-","16.7005","8350.25","100202.96","200405.92","300608.87","亚太东南（柔佛）"
"ecs.c3al.16xlarge","64核","128GiB","AMD EPYC(Genoa) 9Y24","-","-","9.1995","4489.38","53872.56","107745.12","161617.67","华北2（北京）"
"ecs.c3al.16xlarge","64核","128GiB","AMD EPYC(Genoa) 9Y24","-","-","9.1995","4489.38","53872.56","107745.12","161617.67","华南1（广州）"
"ecs.c3al.16xlarge","64核","128GiB","AMD EPYC(Genoa) 9Y24","-","-","9.1995","4489.38","53872.56","107745.12","161617.67","华东2（上海）"
"ecs.c3al.16xlarge","64核","128GiB","AMD EPYC(Genoa) 9Y24","-","-","18.2019","7991.1","95893.15","191786.31","287679.46","中国香港"
"ecs.c3al.23xlarge","92核","184GiB","AMD EPYC(Genoa) 9Y24","-","-","20.4968","10002.9","120034.79","240069.59","360104.38","亚太东南（雅加达）"
"ecs.c3al.23xlarge","92核","184GiB","AMD EPYC(Genoa) 9Y24","-","-","24.007","12003.48","144041.75","288083.5","432125.25","亚太东南（柔佛）"
"ecs.c3al.23xlarge","92核","184GiB","AMD EPYC(Genoa) 9Y24","-","-","13.2243","6453.48","77441.8","154883.6","232325.41","华北2（北京）"
"ecs.c3al.23xlarge","92核","184GiB","AMD EPYC(Genoa) 9Y24","-","-","13.2243","6453.48","77441.8","154883.6","232325.41","华南1（广州）"
"ecs.c3al.23xlarge","92核","184GiB","AMD EPYC(Genoa) 9Y24","-","-","13.2243","6453.48","77441.8","154883.6","232325.41","华东2（上海）"
"ecs.c3al.23xlarge","92核","184GiB","AMD EPYC(Genoa) 9Y24","-","-","26.1653","11487.2","137846.41","275692.82","413539.23","中国香港"
"ecs.c3al.32xlarge","128核","256GiB","AMD EPYC(Genoa) 9Y24","-","-","28.5172","13917.08","167004.93","334009.86","501014.79","亚太东南（雅加达）"
"ecs.c3al.32xlarge","128核","256GiB","AMD EPYC(Genoa) 9Y24","-","-","33.401","16700.49","200405.92","400811.83","601217.75","亚太东南（柔佛）"
"ecs.c3al.32xlarge","128核","256GiB","AMD EPYC(Genoa) 9Y24","-","-","18.3991","8978.76","107745.12","215490.23","323235.35","华北2（北京）"
"ecs.c3al.32xlarge","128核","256GiB","AMD EPYC(Genoa) 9Y24","-","-","18.3991","8978.76","107745.12","215490.23","323235.35","华南1（广州）"
"ecs.c3al.32xlarge","128核","256GiB","AMD EPYC(Genoa) 9Y24","-","-","18.3991","8978.76","107745.12","215490.23","323235.35","华东2（上海）"
"ecs.c3al.32xlarge","128核","256GiB","AMD EPYC(Genoa) 9Y24","-","-","36.4039","15982.19","191786.31","383572.61","575358.92","中国香港"
"ecs.c3al.46xlarge","184核","352GiB","AMD EPYC(Genoa) 9Y24","-","-","40.155","19595.7","235148.37","470296.74","705445.11","亚太东南（雅加达）"
"ecs.c3al.46xlarge","184核","352GiB","AMD EPYC(Genoa) 9Y24","-","-","47.0297","23514.84","282178.05","564356.09","846534.14","亚太东南（柔佛）"
"ecs.c3al.46xlarge","184核","352GiB","AMD EPYC(Genoa) 9Y24","-","-","25.9064","12642.39","151708.63","303417.25","455125.88","华北2（北京）"
"ecs.c3al.46xlarge","184核","352GiB","AMD EPYC(Genoa) 9Y24","-","-","25.9064","12642.39","151708.63","303417.25","455125.88","华南1（广州）"
"ecs.c3al.46xlarge","184核","352GiB","AMD EPYC(Genoa) 9Y24","-","-","25.9064","12642.39","151708.63","303417.25","455125.88","华东2（上海）"
"ecs.c3al.46xlarge","184核","352GiB","AMD EPYC(Genoa) 9Y24","-","-","51.2578","22503.45","270041.35","540082.71","810124.06","中国香港"
"ecs.c1ie.large","2核","4GiB","-","-","-","0.3739","182.46","2189.57","4379.13","6568.7","华东2（上海）"
"ecs.c1ie.large","2核","4GiB","-","-","-","0.3739","182.46","2189.57","4379.13","6568.7","华北2（北京）"
"ecs.c1ie.large","2核","4GiB","-","-","-","0.3739","182.46","2189.57","4379.13","6568.7","华南1（广州）"
"ecs.c1ie.xlarge","4核","8GiB","-","-","-","0.7478","364.93","4379.13","8758.26","13137.4","华东2（上海）"
"ecs.c1ie.xlarge","4核","8GiB","-","-","-","0.7478","364.93","4379.13","8758.26","13137.4","华北2（北京）"
"ecs.c1ie.xlarge","4核","8GiB","-","-","-","0.7478","364.93","4379.13","8758.26","13137.4","华南1（广州）"
"ecs.c1ie.2xlarge","8核","16GiB","-","-","-","1.4956","729.86","8758.26","17516.53","26274.79","华东2（上海）"
"ecs.c1ie.2xlarge","8核","16GiB","-","-","-","1.4956","729.86","8758.26","17516.53","26274.79","华南1（广州）"
"ecs.c1ie.2xlarge","8核","16GiB","-","-","-","1.4956","729.86","8758.26","17516.53","26274.79","华北2（北京）"
"ecs.c1ie.3xlarge","12核","24GiB","-","-","-","2.2434","1094.78","13137.39","26274.79","39412.18","华北2（北京）"
"ecs.c1ie.3xlarge","12核","24GiB","-","-","-","2.2434","1094.78","13137.39","26274.79","39412.18","华南1（广州）"
"ecs.c1ie.3xlarge","12核","24GiB","-","-","-","2.2434","1094.78","13137.39","26274.79","39412.18","华东2（上海）"
"ecs.c1ie.4xlarge","16核","32GiB","-","-","-","2.9912","1459.71","17516.52","35033.04","52549.56","华东2（上海）"
"ecs.c1ie.4xlarge","16核","32GiB","-","-","-","2.9912","1459.71","17516.52","35033.04","52549.56","华南1（广州）"
"ecs.c1ie.4xlarge","16核","32GiB","-","-","-","2.9912","1459.71","17516.52","35033.04","52549.56","华北2（北京）"
"ecs.c1ie.6xlarge","24核","48GiB","-","-","-","4.4868","2189.57","26274.79","52549.57","78824.36","华北2（北京）"
"ecs.c1ie.6xlarge","24核","48GiB","-","-","-","4.4868","2189.57","26274.79","52549.57","78824.36","华南1（广州）"
"ecs.c1ie.6xlarge","24核","48GiB","-","-","-","4.4868","2189.57","26274.79","52549.57","78824.36","华东2（上海）"
"ecs.c1ie.8xlarge","32核","64GiB","-","-","-","5.9824","2919.42","35033.04","70066.08","105099.12","华南1（广州）"
"ecs.c1ie.8xlarge","32核","64GiB","-","-","-","5.9824","2919.42","35033.04","70066.08","105099.12","华北2（北京）"
"ecs.c1ie.8xlarge","32核","64GiB","-","-","-","5.9824","2919.42","35033.04","70066.08","105099.12","华东2（上海）"
"ecs.c1ie.14xlarge","58核","116GiB","-","-","-","10.4692","5108.99","61307.88","122615.76","183923.64","华东2（上海）"
"ecs.c1ie.14xlarge","58核","116GiB","-","-","-","10.4692","5108.99","61307.88","122615.76","183923.64","华南1（广州）"
"ecs.c1ie.14xlarge","58核","116GiB","-","-","-","10.4692","5108.99","61307.88","122615.76","183923.64","华北2（北京）"
"ecs.c1ie.16xlarge","64核","128GiB","-","-","-","11.9648","5838.84","70066.08","140132.16","210198.24","华南1（广州）"
"ecs.c1ie.16xlarge","64核","128GiB","-","-","-","11.9648","5838.84","70066.08","140132.16","210198.24","华东2（上海）"
"ecs.c1ie.16xlarge","64核","128GiB","-","-","-","11.9648","5838.84","70066.08","140132.16","210198.24","华北2（北京）"
"ecs.c1ie.21xlarge","84核","168GiB","-","-","-","15.7039","7663.48","91961.76","183923.52","275885.28","华南1（广州）"
"ecs.c1ie.21xlarge","84核","168GiB","-","-","-","15.7039","7663.48","91961.76","183923.52","275885.28","华北2（北京）"
"ecs.c1ie.21xlarge","84核","168GiB","-","-","-","15.7039","7663.48","91961.76","183923.52","275885.28","华东2（上海）"
"ecs.c1ie.29xlarge","116核","232GiB","-","-","-","21.6863","10582.9","126994.8","253989.6","380984.4","华东2（上海）"
"ecs.c1ie.29xlarge","116核","232GiB","-","-","-","21.6863","10582.9","126994.8","253989.6","380984.4","华南1（广州）"
"ecs.c1ie.29xlarge","116核","232GiB","-","-","-","21.6863","10582.9","126994.8","253989.6","380984.4","华北2（北京）"
"ecs.r3i.large","2核","16GiB","Intel Xeon(Sapphire Rapids) Platinum 8457C","-","-","0.9529","517.25","6207","12414","18621","亚太东南（雅加达）"
"ecs.r3i.large","2核","16GiB","Intel Xeon(Sapphire Rapids) Platinum 8457C","-","-","0.6854","334.46","4013.54","8027.08","12040.62","华南1（广州）"
"ecs.r3i.large","2核","16GiB","Intel Xeon(Sapphire Rapids) Platinum 8457C","-","-","0.9951","515.66","6187.92","12375.84","18563.76","亚太东南（柔佛）"
"ecs.r3i.large","2核","16GiB","Intel Xeon(Sapphire Rapids) Platinum 8457C","-","-","0.6854","334.46","4013.54","8027.08","12040.62","华东2（上海）"
"ecs.r3i.large","2核","16GiB","Intel Xeon(Sapphire Rapids) Platinum 8457C","-","-","0.6854","334.46","4013.54","8027.08","12040.62","华北2（北京）"
"ecs.r3i.large","2核","16GiB","Intel Xeon(Sapphire Rapids) Platinum 8457C","-","-","1.0469","565.74","6788.82","13577.64","20366.46","中国香港"
"ecs.r3i.xlarge","4核","32GiB","Intel Xeon(Sapphire Rapids) Platinum 8457C","-","-","1.9058","1034.51","12414.12","24828.24","37242.36","亚太东南（雅加达）"
"ecs.r3i.xlarge","4核","32GiB","Intel Xeon(Sapphire Rapids) Platinum 8457C","-","-","1.3707","668.92","8027.08","16054.16","24081.24","华南1（广州）"
"ecs.r3i.xlarge","4核","32GiB","Intel Xeon(Sapphire Rapids) Platinum 8457C","-","-","1.9903","1031.32","12375.84","24751.68","37127.52","亚太东南（柔佛）"
"ecs.r3i.xlarge","4核","32GiB","Intel Xeon(Sapphire Rapids) Platinum 8457C","-","-","1.3707","668.92","8027.08","16054.16","24081.24","华东2（上海）"
"ecs.r3i.xlarge","4核","32GiB","Intel Xeon(Sapphire Rapids) Platinum 8457C","-","-","1.3707","668.92","8027.08","16054.16","24081.24","华北2（北京）"
"ecs.r3i.xlarge","4核","32GiB","Intel Xeon(Sapphire Rapids) Platinum 8457C","-","-","2.0939","1131.47","13577.63","27155.26","40732.88","中国香港"
"ecs.r3i.2xlarge","8核","64GiB","Intel Xeon(Sapphire Rapids) Platinum 8457C","-","-","3.8116","2069.02","24828.24","49656.48","74484.72","亚太东南（雅加达）"
"ecs.r3i.2xlarge","8核","64GiB","Intel Xeon(Sapphire Rapids) Platinum 8457C","-","-","2.7415","1337.85","16054.16","32108.31","48162.47","华北2（北京）"
"ecs.r3i.2xlarge","8核","64GiB","Intel Xeon(Sapphire Rapids) Platinum 8457C","-","-","2.7415","1337.85","16054.15","32108.3","48162.46","华南1（广州）"
"ecs.r3i.2xlarge","8核","64GiB","Intel Xeon(Sapphire Rapids) Platinum 8457C","-","-","3.9805","2062.64","24751.68","49503.36","74255.04","亚太东南（柔佛）"
"ecs.r3i.2xlarge","8核","64GiB","Intel Xeon(Sapphire Rapids) Platinum 8457C","-","-","2.7415","1337.85","16054.16","32108.31","48162.47","华东2（上海）"
"ecs.r3i.2xlarge","8核","64GiB","Intel Xeon(Sapphire Rapids) Platinum 8457C","-","-","4.1878","2262.94","27155.26","54310.51","81465.77","中国香港"
"ecs.r3i.4xlarge","16核","128GiB","Intel Xeon(Sapphire Rapids) Platinum 8457C","-","-","7.6233","4138.05","49656.6","99313.2","148969.8","亚太东南（雅加达）"
"ecs.r3i.4xlarge","16核","128GiB","Intel Xeon(Sapphire Rapids) Platinum 8457C","-","-","5.483","2675.69","32108.32","64216.63","96324.95","华南1（广州）"
"ecs.r3i.4xlarge","16核","128GiB","Intel Xeon(Sapphire Rapids) Platinum 8457C","-","-","7.9611","4125.28","49503.36","99006.72","148510.08","亚太东南（柔佛）"
"ecs.r3i.4xlarge","16核","128GiB","Intel Xeon(Sapphire Rapids) Platinum 8457C","-","-","5.483","2675.69","32108.31","64216.63","96324.94","华东2（上海）"
"ecs.r3i.4xlarge","16核","128GiB","Intel Xeon(Sapphire Rapids) Platinum 8457C","-","-","5.483","2675.69","32108.31","64216.63","96324.94","华北2（北京）"
"ecs.r3i.4xlarge","16核","128GiB","Intel Xeon(Sapphire Rapids) Platinum 8457C","-","-","8.3756","4525.88","54310.51","108621.02","162931.54","中国香港"
"ecs.r3i.8xlarge","32核","256GiB","Intel Xeon(Sapphire Rapids) Platinum 8457C","-","-","15.2466","8276.1","99313.2","198626.4","297939.6","亚太东南（雅加达）"
"ecs.r3i.8xlarge","32核","256GiB","Intel Xeon(Sapphire Rapids) Platinum 8457C","-","-","10.966","5351.39","64216.63","128433.26","192649.9","华南1（广州）"
"ecs.r3i.8xlarge","32核","256GiB","Intel Xeon(Sapphire Rapids) Platinum 8457C","-","-","15.9221","8250.56","99006.72","198013.44","297020.16","亚太东南（柔佛）"
"ecs.r3i.8xlarge","32核","256GiB","Intel Xeon(Sapphire Rapids) Platinum 8457C","-","-","10.966","5351.39","64216.63","128433.25","192649.88","华东2（上海）"
"ecs.r3i.8xlarge","32核","256GiB","Intel Xeon(Sapphire Rapids) Platinum 8457C","-","-","10.966","5351.39","64216.63","128433.25","192649.88","华北2（北京）"
"ecs.r3i.8xlarge","32核","256GiB","Intel Xeon(Sapphire Rapids) Platinum 8457C","-","-","16.7511","9051.75","108621.02","217242.05","325863.07","中国香港"
"ecs.r3i.12xlarge","48核","384GiB","Intel Xeon(Sapphire Rapids) Platinum 8457C","-","-","22.8698","12414.14","148969.68","297939.36","446909.04","亚太东南（雅加达）"
"ecs.r3i.12xlarge","48核","384GiB","Intel Xeon(Sapphire Rapids) Platinum 8457C","-","-","16.4489","8027.08","96324.94","192649.87","288974.81","华南1（广州）"
"ecs.r3i.12xlarge","48核","384GiB","Intel Xeon(Sapphire Rapids) Platinum 8457C","-","-","23.8832","12375.84","148510.08","297020.16","445530.24","亚太东南（柔佛）"
"ecs.r3i.12xlarge","48核","384GiB","Intel Xeon(Sapphire Rapids) Platinum 8457C","-","-","16.4489","8027.08","96324.94","192649.88","288974.82","华东2（上海）"
"ecs.r3i.12xlarge","48核","384GiB","Intel Xeon(Sapphire Rapids) Platinum 8457C","-","-","16.4489","8027.08","96324.94","192649.88","288974.82","华北2（北京）"
"ecs.r3i.12xlarge","48核","384GiB","Intel Xeon(Sapphire Rapids) Platinum 8457C","-","-","25.1267","13577.63","162931.54","325863.07","488794.61","中国香港"
"ecs.r3i.16xlarge","64核","512GiB","Intel Xeon(Sapphire Rapids) Platinum 8457C","-","-","30.4931","16552.19","198626.28","397252.56","595878.84","亚太东南（雅加达）"
"ecs.r3i.16xlarge","64核","512GiB","Intel Xeon(Sapphire Rapids) Platinum 8457C","-","-","21.9319","10702.77","128433.24","256866.48","385299.72","华南1（广州）"
"ecs.r3i.16xlarge","64核","512GiB","Intel Xeon(Sapphire Rapids) Platinum 8457C","-","-","31.8443","16501.12","198013.44","396026.88","594040.32","亚太东南（柔佛）"
"ecs.r3i.16xlarge","64核","512GiB","Intel Xeon(Sapphire Rapids) Platinum 8457C","-","-","21.9319","10702.77","128433.25","256866.51","385299.76","华东2（上海）"
"ecs.r3i.16xlarge","64核","512GiB","Intel Xeon(Sapphire Rapids) Platinum 8457C","-","-","21.9319","10702.77","128433.25","256866.51","385299.76","华北2（北京）"
"ecs.r3i.16xlarge","64核","512GiB","Intel Xeon(Sapphire Rapids) Platinum 8457C","-","-","33.5023","18103.5","217242.05","434484.1","651726.14","中国香港"
"ecs.r3i.24xlarge","96核","768GiB","Intel Xeon(Sapphire Rapids) Platinum 8457C","-","-","45.7397","24828.29","297939.48","595878.96","893818.44","亚太东南（雅加达）"
"ecs.r3i.24xlarge","96核","768GiB","Intel Xeon(Sapphire Rapids) Platinum 8457C","-","-","32.8979","16054.16","192649.92","385299.84","577949.76","华南1（广州）"
"ecs.r3i.24xlarge","96核","768GiB","Intel Xeon(Sapphire Rapids) Platinum 8457C","-","-","47.7664","24751.68","297020.16","594040.32","891060.48","亚太东南（柔佛）"
"ecs.r3i.24xlarge","96核","768GiB","Intel Xeon(Sapphire Rapids) Platinum 8457C","-","-","32.8979","16054.16","192649.88","385299.76","577949.64","华东2（上海）"
"ecs.r3i.24xlarge","96核","768GiB","Intel Xeon(Sapphire Rapids) Platinum 8457C","-","-","32.8979","16054.16","192649.88","385299.76","577949.64","华北2（北京）"
"ecs.r3i.24xlarge","96核","768GiB","Intel Xeon(Sapphire Rapids) Platinum 8457C","-","-","50.2534","27155.26","325863.07","651726.14","977589.22","中国香港"
"ecs.r3a.large","2核","16GiB","AMD EPYC(Genoa) 9Y24","-","-","0.7597","370.72","4448.65","8897.29","13345.94","亚太东南（雅加达）"
"ecs.r3a.large","2核","16GiB","AMD EPYC(Genoa) 9Y24","-","-","0.9199","421.86","5062.32","10124.64","15186.96","亚太东南（柔佛）"
"ecs.r3a.large","2核","16GiB","AMD EPYC(Genoa) 9Y24","-","-","0.5844","285.17","3422.04","6844.07","10266.11","华北2（北京）"
"ecs.r3a.large","2核","16GiB","AMD EPYC(Genoa) 9Y24","-","-","0.5843640984","285.17","3422.04","6844.07","10266.11","华南1（广州）"
"ecs.r3a.large","2核","16GiB","AMD EPYC(Genoa) 9Y24","-","-","0.5843640984","285.17","3422.04","6844.07","10266.11","华东2（上海）"
"ecs.r3a.large","2核","16GiB","AMD EPYC(Genoa) 9Y24","-","-","0.8774","404.94","4859.29","9718.58","14577.88","中国香港"
"ecs.r3a.xlarge","4核","32GiB","AMD EPYC(Genoa) 9Y24","-","-","1.5193","741.44","8897.29","17794.59","26691.88","亚太东南（雅加达）"
"ecs.r3a.xlarge","4核","32GiB","AMD EPYC(Genoa) 9Y24","-","-","1.8398","843.72","10124.64","20249.28","30373.93","亚太东南（柔佛）"
"ecs.r3a.xlarge","4核","32GiB","AMD EPYC(Genoa) 9Y24","-","-","1.1687","570.34","6844.07","13688.15","20532.22","华北2（北京）"
"ecs.r3a.xlarge","4核","32GiB","AMD EPYC(Genoa) 9Y24","-","-","1.1687281967","570.34","6844.07","13688.14","20532.22","华南1（广州）"
"ecs.r3a.xlarge","4核","32GiB","AMD EPYC(Genoa) 9Y24","-","-","1.1687281967","570.34","6844.07","13688.14","20532.22","华东2（上海）"
"ecs.r3a.xlarge","4核","32GiB","AMD EPYC(Genoa) 9Y24","-","-","1.7547","809.88","9718.58","19437.17","29155.75","中国香港"
"ecs.r3a.2xlarge","8核","64GiB","AMD EPYC(Genoa) 9Y24","-","-","3.0387","1482.88","17794.59","35589.18","53383.77","亚太东南（雅加达）"
"ecs.r3a.2xlarge","8核","64GiB","AMD EPYC(Genoa) 9Y24","-","-","3.6796","1687.44","20249.28","40498.57","60747.85","亚太东南（柔佛）"
"ecs.r3a.2xlarge","8核","64GiB","AMD EPYC(Genoa) 9Y24","-","-","2.3375","1140.68","13688.14","27376.29","41064.43","华北2（北京）"
"ecs.r3a.2xlarge","8核","64GiB","AMD EPYC(Genoa) 9Y24","-","-","2.3374563934","1140.68","13688.14","27376.29","41064.43","华南1（广州）"
"ecs.r3a.2xlarge","8核","64GiB","AMD EPYC(Genoa) 9Y24","-","-","2.3374563934","1140.68","13688.14","27376.29","41064.43","华东2（上海）"
"ecs.r3a.2xlarge","8核","64GiB","AMD EPYC(Genoa) 9Y24","-","-","3.5095","1619.76","19437.17","38874.33","58311.5","中国香港"
"ecs.r3a.4xlarge","16核","128GiB","AMD EPYC(Genoa) 9Y24","-","-","6.0774","2965.76","35589.18","71178.36","106767.54","亚太东南（雅加达）"
"ecs.r3a.4xlarge","16核","128GiB","AMD EPYC(Genoa) 9Y24","-","-","7.3591","3374.88","40498.57","80997.14","121495.71","亚太东南（柔佛）"
"ecs.r3a.4xlarge","16核","128GiB","AMD EPYC(Genoa) 9Y24","-","-","4.6749","2281.36","27376.29","54752.58","82128.87","华北2（北京）"
"ecs.r3a.4xlarge","16核","128GiB","AMD EPYC(Genoa) 9Y24","-","-","4.6749127869","2281.36","27376.29","54752.58","82128.87","华南1（广州）"
"ecs.r3a.4xlarge","16核","128GiB","AMD EPYC(Genoa) 9Y24","-","-","4.6749127869","2281.36","27376.29","54752.58","82128.87","华东2（上海）"
"ecs.r3a.4xlarge","16核","128GiB","AMD EPYC(Genoa) 9Y24","-","-","7.019","3239.53","38874.33","77748.67","116623","中国香港"
"ecs.r3a.8xlarge","32核","256GiB","AMD EPYC(Genoa) 9Y24","-","-","12.1548","5931.53","71178.36","142356.72","213535.07","亚太东南（雅加达）"
"ecs.r3a.8xlarge","32核","256GiB","AMD EPYC(Genoa) 9Y24","-","-","14.7182","6749.76","80997.14","161994.28","242991.42","亚太东南（柔佛）"
"ecs.r3a.8xlarge","32核","256GiB","AMD EPYC(Genoa) 9Y24","-","-","9.3498","4562.71","54752.58","109505.16","164257.74","华北2（北京）"
"ecs.r3a.8xlarge","32核","256GiB","AMD EPYC(Genoa) 9Y24","-","-","9.3498255738","4562.71","54752.58","109505.16","164257.74","华南1（广州）"
"ecs.r3a.8xlarge","32核","256GiB","AMD EPYC(Genoa) 9Y24","-","-","9.3498255738","4562.71","54752.58","109505.16","164257.74","华东2（上海）"
"ecs.r3a.8xlarge","32核","256GiB","AMD EPYC(Genoa) 9Y24","-","-","14.038","6479.06","77748.67","155497.33","233246","中国香港"
"ecs.r3a.12xlarge","48核","384GiB","AMD EPYC(Genoa) 9Y24","-","-","18.2322","8897.29","106767.54","213535.07","320302.61","亚太东南（雅加达）"
"ecs.r3a.12xlarge","48核","384GiB","AMD EPYC(Genoa) 9Y24","-","-","22.0773","10124.64","121495.71","242991.42","364487.13","亚太东南（柔佛）"
"ecs.r3a.12xlarge","48核","384GiB","AMD EPYC(Genoa) 9Y24","-","-","14.0247","6844.07","82128.87","164257.74","246386.6","华北2（北京）"
"ecs.r3a.12xlarge","48核","384GiB","AMD EPYC(Genoa) 9Y24","-","-","14.0247383607","6844.07","82128.87","164257.74","246386.6","华南1（广州）"
"ecs.r3a.12xlarge","48核","384GiB","AMD EPYC(Genoa) 9Y24","-","-","14.0247383607","6844.07","82128.87","164257.74","246386.6","华东2（上海）"
"ecs.r3a.12xlarge","48核","384GiB","AMD EPYC(Genoa) 9Y24","-","-","21.0569","9718.58","116623","233246","349869","中国香港"
"ecs.r3a.16xlarge","64核","512GiB","AMD EPYC(Genoa) 9Y24","-","-","24.3095","11863.06","142356.71","284713.43","427070.14","亚太东南（雅加达）"
"ecs.r3a.16xlarge","64核","512GiB","AMD EPYC(Genoa) 9Y24","-","-","29.4365","13499.52","161994.28","323988.56","485982.84","亚太东南（柔佛）"
"ecs.r3a.16xlarge","64核","512GiB","AMD EPYC(Genoa) 9Y24","-","-","18.6997","9125.43","109505.16","219010.32","328515.47","华北2（北京）"
"ecs.r3a.16xlarge","64核","512GiB","AMD EPYC(Genoa) 9Y24","-","-","18.6996511475","9125.43","109505.16","219010.31","328515.47","华南1（广州）"
"ecs.r3a.16xlarge","64核","512GiB","AMD EPYC(Genoa) 9Y24","-","-","18.6996511475","9125.43","109505.16","219010.31","328515.47","华东2（上海）"
"ecs.r3a.16xlarge","64核","512GiB","AMD EPYC(Genoa) 9Y24","-","-","28.0759","12958.11","155497.33","310994.67","466492","中国香港"
"ecs.r3a.24xlarge","96核","768GiB","AMD EPYC(Genoa) 9Y24","-","-","36.4643","17794.59","213535.07","427070.14","640605.21","亚太东南（雅加达）"
"ecs.r3a.24xlarge","96核","768GiB","AMD EPYC(Genoa) 9Y24","-","-","44.1547","20249.28","242991.42","485982.84","728974.25","亚太东南（柔佛）"
"ecs.r3a.24xlarge","96核","768GiB","AMD EPYC(Genoa) 9Y24","-","-","28.0495","13688.14","164257.74","328515.47","492773.21","华北2（北京）"
"ecs.r3a.24xlarge","96核","768GiB","AMD EPYC(Genoa) 9Y24","-","-","28.0494767213","13688.14","164257.74","328515.47","492773.21","华南1（广州）"
"ecs.r3a.24xlarge","96核","768GiB","AMD EPYC(Genoa) 9Y24","-","-","28.0494767213","13688.14","164257.74","328515.47","492773.21","华东2（上海）"
"ecs.r3a.24xlarge","96核","768GiB","AMD EPYC(Genoa) 9Y24","-","-","42.1139","19437.17","233246","466492","699738","中国香港"
"ecs.r3il.large","2核","16GiB","Intel Xeon(Sapphire Rapids) Platinum 8457C","-","-","0.9529","517.25","6207","12414","18621","亚太东南（雅加达）"
"ecs.r3il.large","2核","16GiB","Intel Xeon(Sapphire Rapids) Platinum 8457C","-","-","0.9951","515.66","6187.92","12375.84","18563.76","亚太东南（柔佛）"
"ecs.r3il.large","2核","16GiB","Intel Xeon(Sapphire Rapids) Platinum 8457C","-","-","0.6854","334.46","4013.54","8027.08","12040.62","华北2（北京）"
"ecs.r3il.large","2核","16GiB","Intel Xeon(Sapphire Rapids) Platinum 8457C","-","-","0.6854","334.46","4013.54","8027.08","12040.62","华南1（广州）"
"ecs.r3il.large","2核","16GiB","Intel Xeon(Sapphire Rapids) Platinum 8457C","-","-","0.6854","334.46","4013.54","8027.08","12040.62","华东2（上海）"
"ecs.r3il.large","2核","16GiB","Intel Xeon(Sapphire Rapids) Platinum 8457C","-","-","1.0469","565.74","6788.82","13577.64","20366.46","中国香港"
"ecs.r3il.xlarge","4核","32GiB","Intel Xeon(Sapphire Rapids) Platinum 8457C","-","-","1.9058","1034.51","12414.12","24828.24","37242.36","亚太东南（雅加达）"
"ecs.r3il.xlarge","4核","32GiB","Intel Xeon(Sapphire Rapids) Platinum 8457C","-","-","1.9903","1031.32","12375.84","24751.68","37127.52","亚太东南（柔佛）"
"ecs.r3il.xlarge","4核","32GiB","Intel Xeon(Sapphire Rapids) Platinum 8457C","-","-","1.3707","668.92","8027.08","16054.16","24081.24","华北2（北京）"
"ecs.r3il.xlarge","4核","32GiB","Intel Xeon(Sapphire Rapids) Platinum 8457C","-","-","1.3707","668.92","8027.08","16054.16","24081.24","华南1（广州）"
"ecs.r3il.xlarge","4核","32GiB","Intel Xeon(Sapphire Rapids) Platinum 8457C","-","-","1.3707","668.92","8027.08","16054.16","24081.24","华东2（上海）"
"ecs.r3il.xlarge","4核","32GiB","Intel Xeon(Sapphire Rapids) Platinum 8457C","-","-","2.0939","1131.47","13577.63","27155.26","40732.88","中国香港"
"ecs.r3il.2xlarge","8核","64GiB","Intel Xeon(Sapphire Rapids) Platinum 8457C","-","-","3.8116","2069.02","24828.24","49656.48","74484.72","亚太东南（雅加达）"
"ecs.r3il.2xlarge","8核","64GiB","Intel Xeon(Sapphire Rapids) Platinum 8457C","-","-","3.9805","2062.64","24751.68","49503.36","74255.04","亚太东南（柔佛）"
"ecs.r3il.2xlarge","8核","64GiB","Intel Xeon(Sapphire Rapids) Platinum 8457C","-","-","2.7415","1337.85","16054.2","32108.4","48162.6","华北2（北京）"
"ecs.r3il.2xlarge","8核","64GiB","Intel Xeon(Sapphire Rapids) Platinum 8457C","-","-","2.7415","1337.85","16054.2","32108.4","48162.6","华南1（广州）"
"ecs.r3il.2xlarge","8核","64GiB","Intel Xeon(Sapphire Rapids) Platinum 8457C","-","-","2.7415","1337.85","16054.2","32108.4","48162.6","华东2（上海）"
"ecs.r3il.2xlarge","8核","64GiB","Intel Xeon(Sapphire Rapids) Platinum 8457C","-","-","4.1878","2262.94","27155.26","54310.51","81465.77","中国香港"
"ecs.r3il.4xlarge","16核","128GiB","Intel Xeon(Sapphire Rapids) Platinum 8457C","-","-","7.6233","4138.05","49656.6","99313.2","148969.8","亚太东南（雅加达）"
"ecs.r3il.4xlarge","16核","128GiB","Intel Xeon(Sapphire Rapids) Platinum 8457C","-","-","7.9611","4125.28","49503.36","99006.72","148510.08","亚太东南（柔佛）"
"ecs.r3il.4xlarge","16核","128GiB","Intel Xeon(Sapphire Rapids) Platinum 8457C","-","-","5.483","2675.69","32108.28","64216.56","96324.84","华北2（北京）"
"ecs.r3il.4xlarge","16核","128GiB","Intel Xeon(Sapphire Rapids) Platinum 8457C","-","-","5.483","2675.69","32108.28","64216.56","96324.84","华南1（广州）"
"ecs.r3il.4xlarge","16核","128GiB","Intel Xeon(Sapphire Rapids) Platinum 8457C","-","-","5.483","2675.69","32108.28","64216.56","96324.84","华东2（上海）"
"ecs.r3il.4xlarge","16核","128GiB","Intel Xeon(Sapphire Rapids) Platinum 8457C","-","-","8.3756","4525.88","54310.51","108621.02","162931.54","中国香港"
"ecs.r3il.8xlarge","32核","256GiB","Intel Xeon(Sapphire Rapids) Platinum 8457C","-","-","15.2466","8276.1","99313.2","198626.4","297939.6","亚太东南（雅加达）"
"ecs.r3il.8xlarge","32核","256GiB","Intel Xeon(Sapphire Rapids) Platinum 8457C","-","-","15.9221","8250.56","99006.72","198013.44","297020.16","亚太东南（柔佛）"
"ecs.r3il.8xlarge","32核","256GiB","Intel Xeon(Sapphire Rapids) Platinum 8457C","-","-","10.966","5351.39","64216.68","128433.36","192650.04","华北2（北京）"
"ecs.r3il.8xlarge","32核","256GiB","Intel Xeon(Sapphire Rapids) Platinum 8457C","-","-","10.966","5351.39","64216.68","128433.36","192650.04","华南1（广州）"
"ecs.r3il.8xlarge","32核","256GiB","Intel Xeon(Sapphire Rapids) Platinum 8457C","-","-","10.966","5351.39","64216.68","128433.36","192650.04","华东2（上海）"
"ecs.r3il.8xlarge","32核","256GiB","Intel Xeon(Sapphire Rapids) Platinum 8457C","-","-","16.7511","9051.75","108621.02","217242.05","325863.07","中国香港"
"ecs.r3il.12xlarge","48核","384GiB","Intel Xeon(Sapphire Rapids) Platinum 8457C","-","-","22.8698","12414.14","148969.68","297939.36","446909.04","亚太东南（雅加达）"
"ecs.r3il.12xlarge","48核","384GiB","Intel Xeon(Sapphire Rapids) Platinum 8457C","-","-","23.8832","12375.84","148510.08","297020.16","445530.24","亚太东南（柔佛）"
"ecs.r3il.12xlarge","48核","384GiB","Intel Xeon(Sapphire Rapids) Platinum 8457C","-","-","16.4489","8027.08","96324.96","192649.92","288974.88","华北2（北京）"
"ecs.r3il.12xlarge","48核","384GiB","Intel Xeon(Sapphire Rapids) Platinum 8457C","-","-","16.4489","8027.08","96324.96","192649.92","288974.88","华南1（广州）"
"ecs.r3il.12xlarge","48核","384GiB","Intel Xeon(Sapphire Rapids) Platinum 8457C","-","-","16.4489","8027.08","96324.96","192649.92","288974.88","华东2（上海）"
"ecs.r3il.12xlarge","48核","384GiB","Intel Xeon(Sapphire Rapids) Platinum 8457C","-","-","25.1267","13577.63","162931.54","325863.07","488794.61","中国香港"
"ecs.r3il.16xlarge","64核","512GiB","Intel Xeon(Sapphire Rapids) Platinum 8457C","-","-","31.8443","16501.12","198013.44","396026.88","594040.32","亚太东南（柔佛）"
"ecs.r3il.16xlarge","64核","512GiB","Intel Xeon(Sapphire Rapids) Platinum 8457C","-","-","30.4931","16552.19","198626.28","397252.56","595878.84","亚太东南（雅加达）"
"ecs.r3il.16xlarge","64核","512GiB","Intel Xeon(Sapphire Rapids) Platinum 8457C","-","-","21.9319","10702.77","128433.25","256866.51","385299.76","华北2（北京）"
"ecs.r3il.16xlarge","64核","512GiB","Intel Xeon(Sapphire Rapids) Platinum 8457C","-","-","21.9319","10702.77","128433.25","256866.51","385299.76","华南1（广州）"
"ecs.r3il.16xlarge","64核","512GiB","Intel Xeon(Sapphire Rapids) Platinum 8457C","-","-","21.9319","10702.77","128433.25","256866.51","385299.76","华东2（上海）"
"ecs.r3il.29xlarge","114核","974GiB","Intel Xeon(Emerald Rapids) Platinum 8582C","-","-","59.2881","30723.02","368676.27","737352.55","1106028.82","亚太东南（柔佛）"
"ecs.r3il.29xlarge","114核","974GiB","Intel Xeon(Emerald Rapids) Platinum 8582C","-","-","56.7738","30817.76","369813.12","739626.24","1109439.36","亚太东南（雅加达）"
"ecs.r3il.29xlarge","114核","974GiB","Intel Xeon(Emerald Rapids) Platinum 8582C","-","-","40.8361","19927.22","239126.67","478253.33","717380","华北2（北京）"
"ecs.r3il.29xlarge","114核","974GiB","Intel Xeon(Emerald Rapids) Platinum 8582C","-","-","40.8361","19927.22","239126.67","478253.33","717380","华南1（广州）"
"ecs.r3il.29xlarge","114核","974GiB","Intel Xeon(Emerald Rapids) Platinum 8582C","-","-","40.8361","19927.22","239126.67","478253.33","717380","华东2（上海）"
"ecs.r3al.large","2核","16GiB","AMD EPYC(Genoa) 9Y24","-","-","0.7597","370.72","4448.65","8897.29","13345.94","亚太东南（雅加达）"
"ecs.r3al.large","2核","16GiB","AMD EPYC(Genoa) 9Y24","-","-","0.5844","285.17","3422.04","6844.07","10266.11","华东2（上海）"
"ecs.r3al.large","2核","16GiB","AMD EPYC(Genoa) 9Y24","-","-","0.5844","285.17","3422.04","6844.07","10266.11","华南1（广州）"
"ecs.r3al.large","2核","16GiB","AMD EPYC(Genoa) 9Y24","-","-","0.5844","285.17","3422.04","6844.07","10266.11","华北2（北京）"
"ecs.r3al.large","2核","16GiB","AMD EPYC(Genoa) 9Y24","-","-","0.9199","421.86","5062.32","10124.64","15186.96","亚太东南（柔佛）"
"ecs.r3al.large","2核","16GiB","AMD EPYC(Genoa) 9Y24","-","-","0.8774","404.94","4859.29","9718.58","14577.88","中国香港"
"ecs.r3al.xlarge","4核","32GiB","AMD EPYC(Genoa) 9Y24","-","-","1.5193","741.44","8897.29","17794.59","26691.88","亚太东南（雅加达）"
"ecs.r3al.xlarge","4核","32GiB","AMD EPYC(Genoa) 9Y24","-","-","1.1687","570.34","6844.07","13688.15","20532.22","华东2（上海）"
"ecs.r3al.xlarge","4核","32GiB","AMD EPYC(Genoa) 9Y24","-","-","1.1687","570.34","6844.07","13688.15","20532.22","华南1（广州）"
"ecs.r3al.xlarge","4核","32GiB","AMD EPYC(Genoa) 9Y24","-","-","1.1687","570.34","6844.07","13688.15","20532.22","华北2（北京）"
"ecs.r3al.xlarge","4核","32GiB","AMD EPYC(Genoa) 9Y24","-","-","1.8398","843.72","10124.64","20249.28","30373.93","亚太东南（柔佛）"
"ecs.r3al.xlarge","4核","32GiB","AMD EPYC(Genoa) 9Y24","-","-","1.7547","809.88","9718.58","19437.17","29155.75","中国香港"
"ecs.r3al.2xlarge","8核","64GiB","AMD EPYC(Genoa) 9Y24","-","-","3.0387","1482.88","17794.59","35589.18","53383.77","亚太东南（雅加达）"
"ecs.r3al.2xlarge","8核","64GiB","AMD EPYC(Genoa) 9Y24","-","-","2.3375","1140.68","13688.14","27376.29","41064.43","华东2（上海）"
"ecs.r3al.2xlarge","8核","64GiB","AMD EPYC(Genoa) 9Y24","-","-","2.3375","1140.68","13688.14","27376.29","41064.43","华南1（广州）"
"ecs.r3al.2xlarge","8核","64GiB","AMD EPYC(Genoa) 9Y24","-","-","2.3375","1140.68","13688.14","27376.29","41064.43","华北2（北京）"
"ecs.r3al.2xlarge","8核","64GiB","AMD EPYC(Genoa) 9Y24","-","-","3.6796","1687.44","20249.28","40498.57","60747.85","亚太东南（柔佛）"
"ecs.r3al.2xlarge","8核","64GiB","AMD EPYC(Genoa) 9Y24","-","-","3.5095","1619.76","19437.17","38874.33","58311.5","中国香港"
"ecs.r3al.4xlarge","16核","128GiB","AMD EPYC(Genoa) 9Y24","-","-","6.0774","2965.76","35589.18","71178.36","106767.54","亚太东南（雅加达）"
"ecs.r3al.4xlarge","16核","128GiB","AMD EPYC(Genoa) 9Y24","-","-","4.6749","2281.36","27376.29","54752.58","82128.87","华东2（上海）"
"ecs.r3al.4xlarge","16核","128GiB","AMD EPYC(Genoa) 9Y24","-","-","4.6749","2281.36","27376.29","54752.58","82128.87","华南1（广州）"
"ecs.r3al.4xlarge","16核","128GiB","AMD EPYC(Genoa) 9Y24","-","-","4.6749","2281.36","27376.29","54752.58","82128.87","华北2（北京）"
"ecs.r3al.4xlarge","16核","128GiB","AMD EPYC(Genoa) 9Y24","-","-","7.3591","3374.88","40498.57","80997.14","121495.71","亚太东南（柔佛）"
"ecs.r3al.4xlarge","16核","128GiB","AMD EPYC(Genoa) 9Y24","-","-","7.019","3239.53","38874.33","77748.67","116623","中国香港"
"ecs.r3al.8xlarge","32核","256GiB","AMD EPYC(Genoa) 9Y24","-","-","12.1548","5931.53","71178.36","142356.72","213535.07","亚太东南（雅加达）"
"ecs.r3al.8xlarge","32核","256GiB","AMD EPYC(Genoa) 9Y24","-","-","9.3498","4562.71","54752.58","109505.16","164257.74","华东2（上海）"
"ecs.r3al.8xlarge","32核","256GiB","AMD EPYC(Genoa) 9Y24","-","-","9.3498","4562.71","54752.58","109505.16","164257.74","华南1（广州）"
"ecs.r3al.8xlarge","32核","256GiB","AMD EPYC(Genoa) 9Y24","-","-","9.3498","4562.71","54752.58","109505.16","164257.74","华北2（北京）"
"ecs.r3al.8xlarge","32核","256GiB","AMD EPYC(Genoa) 9Y24","-","-","14.7182","6749.76","80997.14","161994.28","242991.42","亚太东南（柔佛）"
"ecs.r3al.8xlarge","32核","256GiB","AMD EPYC(Genoa) 9Y24","-","-","14.038","6479.06","77748.67","155497.33","233246","中国香港"
"ecs.r3al.12xlarge","48核","384GiB","AMD EPYC(Genoa) 9Y24","-","-","18.2322","8897.29","106767.54","213535.07","320302.61","亚太东南（雅加达）"
"ecs.r3al.12xlarge","48核","384GiB","AMD EPYC(Genoa) 9Y24","-","-","14.0247","6844.07","82128.87","164257.74","246386.6","华东2（上海）"
"ecs.r3al.12xlarge","48核","384GiB","AMD EPYC(Genoa) 9Y24","-","-","14.0247","6844.07","82128.87","164257.74","246386.6","华南1（广州）"
"ecs.r3al.12xlarge","48核","384GiB","AMD EPYC(Genoa) 9Y24","-","-","14.0247","6844.07","82128.87","164257.74","246386.6","华北2（北京）"
"ecs.r3al.12xlarge","48核","384GiB","AMD EPYC(Genoa) 9Y24","-","-","22.0773","10124.64","121495.71","242991.42","364487.13","亚太东南（柔佛）"
"ecs.r3al.12xlarge","48核","384GiB","AMD EPYC(Genoa) 9Y24","-","-","21.0569","9718.58","116623","233246","349869","中国香港"
"ecs.r3al.16xlarge","64核","512GiB","AMD EPYC(Genoa) 9Y24","-","-","24.3095","11863.06","142356.71","284713.43","427070.14","亚太东南（雅加达）"
"ecs.r3al.16xlarge","64核","512GiB","AMD EPYC(Genoa) 9Y24","-","-","18.6997","9125.43","109505.16","219010.32","328515.47","华东2（上海）"
"ecs.r3al.16xlarge","64核","512GiB","AMD EPYC(Genoa) 9Y24","-","-","18.6997","9125.43","109505.16","219010.32","328515.47","华南1（广州）"
"ecs.r3al.16xlarge","64核","512GiB","AMD EPYC(Genoa) 9Y24","-","-","18.6997","9125.43","109505.16","219010.32","328515.47","华北2（北京）"
"ecs.r3al.16xlarge","64核","512GiB","AMD EPYC(Genoa) 9Y24","-","-","29.4365","13499.52","161994.28","323988.56","485982.84","亚太东南（柔佛）"
"ecs.r3al.16xlarge","64核","512GiB","AMD EPYC(Genoa) 9Y24","-","-","28.0759","12958.11","155497.33","310994.67","466492","中国香港"
"ecs.r3al.23xlarge","92核","736GiB","AMD EPYC(Genoa) 9Y24","-","-","26.8807","13117.81","157413.66","314827.33","472240.99","华南1（广州）"
"ecs.r3al.23xlarge","92核","736GiB","AMD EPYC(Genoa) 9Y24","-","-","34.945","17053.15","204637.78","409275.55","613913.33","亚太东南（雅加达）"
"ecs.r3al.23xlarge","92核","736GiB","AMD EPYC(Genoa) 9Y24","-","-","26.8807","13117.81","157413.66","314827.33","472240.99","华东2（上海）"
"ecs.r3al.23xlarge","92核","736GiB","AMD EPYC(Genoa) 9Y24","-","-","26.8807","13117.81","157413.66","314827.33","472240.99","华北2（北京）"
"ecs.r3al.23xlarge","92核","736GiB","AMD EPYC(Genoa) 9Y24","-","-","42.3149","19405.56","232866.78","465733.55","698600.33","亚太东南（柔佛）"
"ecs.r3al.23xlarge","92核","736GiB","AMD EPYC(Genoa) 9Y24","-","-","40.3591","18627.28","223527.42","447054.84","670582.25","中国香港"
"ecs.r1ie.large","2核","16GiB","-","-","-","0.6328","308.78","3705.42","7410.84","11116.26","华东2（上海）"
"ecs.r1ie.large","2核","16GiB","-","-","-","0.6328","308.78","3705.42","7410.84","11116.26","华北2（北京）"
"ecs.r1ie.large","2核","16GiB","-","-","-","0.6328","308.78","3705.42","7410.84","11116.26","华南1（广州）"
"ecs.r1ie.xlarge","4核","32GiB","-","-","-","1.2655","617.57","7410.84","14821.68","22232.52","华东2（上海）"
"ecs.r1ie.xlarge","4核","32GiB","-","-","-","1.2655","617.57","7410.84","14821.68","22232.52","华南1（广州）"
"ecs.r1ie.xlarge","4核","32GiB","-","-","-","1.2655","617.57","7410.84","14821.68","22232.52","华北2（北京）"
"ecs.r1ie.2xlarge","8核","64GiB","-","-","-","2.531","1235.14","14821.68","29643.36","44465.04","华南1（广州）"
"ecs.r1ie.2xlarge","8核","64GiB","-","-","-","2.531","1235.14","14821.68","29643.36","44465.04","华东2（上海）"
"ecs.r1ie.2xlarge","8核","64GiB","-","-","-","2.531","1235.14","14821.68","29643.36","44465.04","华北2（北京）"
"ecs.r1ie.3xlarge","12核","96GiB","-","-","-","3.7965","1852.71","22232.52","44465.04","66697.56","华北2（北京）"
"ecs.r1ie.3xlarge","12核","96GiB","-","-","-","3.7965","1852.71","22232.52","44465.04","66697.56","华南1（广州）"
"ecs.r1ie.3xlarge","12核","96GiB","-","-","-","3.7965","1852.71","22232.52","44465.04","66697.56","华东2（上海）"
"ecs.r1ie.4xlarge","16核","128GiB","-","-","-","5.062","2470.28","29643.36","59286.72","88930.08","华东2（上海）"
"ecs.r1ie.4xlarge","16核","128GiB","-","-","-","5.062","2470.28","29643.36","59286.72","88930.08","华北2（北京）"
"ecs.r1ie.4xlarge","16核","128GiB","-","-","-","5.062","2470.28","29643.36","59286.72","88930.08","华南1（广州）"
"ecs.r1ie.6xlarge","24核","192GiB","-","-","-","7.593","3705.42","44465.04","88930.08","133395.12","华北2（北京）"
"ecs.r1ie.6xlarge","24核","192GiB","-","-","-","7.593","3705.42","44465.04","88930.08","133395.12","华南1（广州）"
"ecs.r1ie.6xlarge","24核","192GiB","-","-","-","7.593","3705.42","44465.04","88930.08","133395.12","华东2（上海）"
"ecs.r1ie.8xlarge","32核","256GiB","-","-","-","10.1241","4940.56","59286.72","118573.44","177860.16","华南1（广州）"
"ecs.r1ie.8xlarge","32核","256GiB","-","-","-","10.1241","4940.56","59286.72","118573.44","177860.16","华东2（上海）"
"ecs.r1ie.8xlarge","32核","256GiB","-","-","-","10.1241","4940.56","59286.72","118573.44","177860.16","华北2（北京）"
"ecs.r1ie.16xlarge","64核","512GiB","-","-","-","20.2482","9881.12","118573.44","237146.88","355720.32","华南1（广州）"
"ecs.r1ie.16xlarge","64核","512GiB","-","-","-","20.2482","9881.12","118573.44","237146.88","355720.32","华东2（上海）"
"ecs.r1ie.16xlarge","64核","512GiB","-","-","-","20.2482","9881.12","118573.44","237146.88","355720.32","华北2（北京）"
"ecs.r1ie.21xlarge","84核","972GiB","-","-","-","26.5758","12968.97","155627.64","311255.28","466882.92","华东2（上海）"
"ecs.r1ie.21xlarge","84核","972GiB","-","-","-","26.5758","12968.97","155627.64","311255.28","466882.92","华南1（广州）"
"ecs.r1ie.21xlarge","84核","972GiB","-","-","-","26.5758","12968.97","155627.64","311255.28","466882.92","华北2（北京）"
"ecs.i3s.3xlarge","12核","96GiB","Intel Xeon(Sapphire Rapids) Platinum 8457C","-","-","6.882421","3303.56","39642.75","79285.49","118928.24","亚太东南（雅加达）"
"ecs.i3s.3xlarge","12核","96GiB","Intel Xeon(Sapphire Rapids) Platinum 8457C","-","-","7.0229","3370.98","40451.78","80903.56","121355.34","亚太东南（柔佛）"
"ecs.i3s.3xlarge","12核","96GiB","Intel Xeon(Sapphire Rapids) Platinum 8457C","-","-","5.3671","2619.15","31429.8","62859.6","94289.4","华北2（北京）"
"ecs.i3s.3xlarge","12核","96GiB","Intel Xeon(Sapphire Rapids) Platinum 8457C","-","-","5.3671","2619.15","31429.8","62859.6","94289.4","华南1（广州）"
"ecs.i3s.3xlarge","12核","96GiB","Intel Xeon(Sapphire Rapids) Platinum 8457C","-","-","5.3671","2619.15","31429.8","62859.6","94289.4","华东2（上海）"
"ecs.i3s.3xlarge","12核","96GiB","Intel Xeon(Sapphire Rapids) Platinum 8457C","-","-","7.374","3539.53","42474.37","84948.74","127423.11","中国香港"
"ecs.i3s.6xlarge","24核","192GiB","Intel Xeon(Sapphire Rapids) Platinum 8457C","-","-","13.764842","6607.12","79285.49","158570.98","237856.48","亚太东南（雅加达）"
"ecs.i3s.6xlarge","24核","192GiB","Intel Xeon(Sapphire Rapids) Platinum 8457C","-","-","14.748","7079.06","84948.74","169897.49","254846.23","中国香港"
"ecs.i3s.6xlarge","24核","192GiB","Intel Xeon(Sapphire Rapids) Platinum 8457C","-","-","14.0458","6741.96","80903.56","161807.13","242710.69","亚太东南（柔佛）"
"ecs.i3s.6xlarge","24核","192GiB","Intel Xeon(Sapphire Rapids) Platinum 8457C","-","-","10.7342","5238.3","62859.6","125719.2","188578.8","华北2（北京）"
"ecs.i3s.6xlarge","24核","192GiB","Intel Xeon(Sapphire Rapids) Platinum 8457C","-","-","10.7342","5238.3","62859.6","125719.2","188578.8","华南1（广州）"
"ecs.i3s.6xlarge","24核","192GiB","Intel Xeon(Sapphire Rapids) Platinum 8457C","-","-","10.7342","5238.3","62859.6","125719.2","188578.8","华东2（上海）"
"ecs.i3s.12xlarge","48核","384GiB","Intel Xeon(Sapphire Rapids) Platinum 8457C","-","-","27.529685","13214.25","158570.98","317141.97","475712.95","亚太东南（雅加达）"
"ecs.i3s.12xlarge","48核","384GiB","Intel Xeon(Sapphire Rapids) Platinum 8457C","-","-","29.4961","14158.12","169897.49","339794.98","509692.46","中国香港"
"ecs.i3s.12xlarge","48核","384GiB","Intel Xeon(Sapphire Rapids) Platinum 8457C","-","-","28.0915","13483.93","161807.13","323614.25","485421.38","亚太东南（柔佛）"
"ecs.i3s.12xlarge","48核","384GiB","Intel Xeon(Sapphire Rapids) Platinum 8457C","-","-","21.4684","10476.6","125719.2","251438.4","377157.6","华东2（上海）"
"ecs.i3s.12xlarge","48核","384GiB","Intel Xeon(Sapphire Rapids) Platinum 8457C","-","-","21.4684","10476.6","125719.2","251438.4","377157.6","华南1（广州）"
"ecs.i3s.12xlarge","48核","384GiB","Intel Xeon(Sapphire Rapids) Platinum 8457C","-","-","21.4684","10476.6","125719.2","251438.4","377157.6","华北2（北京）"
"ecs.i3s.24xlarge","96核","768GiB","Intel Xeon(Sapphire Rapids) Platinum 8457C","-","-","55.059369","26428.5","317141.97","634283.94","951425.9","亚太东南（雅加达）"
"ecs.i3s.24xlarge","96核","768GiB","Intel Xeon(Sapphire Rapids) Platinum 8457C","-","-","58.9922","28316.25","339794.98","679589.95","1019384.93","中国香港"
"ecs.i3s.24xlarge","96核","768GiB","Intel Xeon(Sapphire Rapids) Platinum 8457C","-","-","56.183","26967.85","323614.25","647228.51","970842.76","亚太东南（柔佛）"
"ecs.i3s.24xlarge","96核","768GiB","Intel Xeon(Sapphire Rapids) Platinum 8457C","-","-","42.9369","20953.2","251438.4","502876.8","754315.2","华东2（上海）"
"ecs.i3s.24xlarge","96核","768GiB","Intel Xeon(Sapphire Rapids) Platinum 8457C","-","-","42.9369","20953.2","251438.4","502876.8","754315.2","华南1（广州）"
"ecs.i3s.24xlarge","96核","768GiB","Intel Xeon(Sapphire Rapids) Platinum 8457C","-","-","42.9369","20953.2","251438.4","502876.8","754315.2","华北2（北京）"
"ecs.d2s.xlarge","4核","16GiB","Intel Xeon(Ice Lake) Platinum 8336C","-","-","2.0477","982.88","11794.53","23589.07","35383.6","华北2（北京）"
"ecs.d2s.2xlarge","8核","32GiB","Intel Xeon(Ice Lake) Platinum 8336C","-","-","4.0953","1965.76","23589.07","47178.13","70767.2","华北2（北京）"
"ecs.d2s.4xlarge","16核","64GiB","Intel Xeon(Ice Lake) Platinum 8336C","-","-","8.1906","3931.51","47178.13","94356.27","141534.4","华北2（北京）"
"ecs.d2s.6xlarge","24核","96GiB","Intel Xeon(Ice Lake) Platinum 8336C","-","-","12.286","5897.27","70767.2","141534.4","212301.6","华北2（北京）"
"ecs.d2s.8xlarge","32核","128GiB","Intel Xeon(Ice Lake) Platinum 8336C","-","-","16.3813","7863.02","94356.27","188712.53","283068.8","华北2（北京）"
"ecs.d2c.4xlarge","14核","56GiB","Intel Xeon(Ice Lake) Platinum 8336C","-","-","7.416773","3560.05","42720.61","85441.22","128161.83","亚太东南（雅加达）"
"ecs.d2c.4xlarge","14核","56GiB","Intel Xeon(Ice Lake) Platinum 8336C","-","-","8.0727","3632.7","43592.46","87184.92","130777.38","亚太东南（柔佛）"
"ecs.d2c.4xlarge","14核","56GiB","Intel Xeon(Ice Lake) Platinum 8336C","-","-","4.8077","2307.71","27692.49","55384.98","83077.47","华南1（广州）"
"ecs.d2c.4xlarge","14核","56GiB","Intel Xeon(Ice Lake) Platinum 8336C","-","-","4.8077","2307.71","27692.49","55384.98","83077.47","华东2（上海）"
"ecs.d2c.4xlarge","14核","56GiB","Intel Xeon(Ice Lake) Platinum 8336C","-","-","4.8077","2307.71","27692.49","55384.98","83077.47","华北2（北京）"
"ecs.d2c.4xlarge","14核","56GiB","Intel Xeon(Ice Lake) Platinum 8336C","-","-","8.6378","3887","46644","93287.99","139931.99","中国香港"
"ecs.d2c.7xlarge","28核","112GiB","Intel Xeon(Ice Lake) Platinum 8336C","-","-","14.833545","7120.1","85441.22","170882.44","256323.66","亚太东南（雅加达）"
"ecs.d2c.7xlarge","28核","112GiB","Intel Xeon(Ice Lake) Platinum 8336C","-","-","16.1454","7265.41","87184.92","174369.84","261554.76","亚太东南（柔佛）"
"ecs.d2c.7xlarge","28核","112GiB","Intel Xeon(Ice Lake) Platinum 8336C","-","-","9.6154","4615.42","55384.98","110769.96","166154.95","华南1（广州）"
"ecs.d2c.7xlarge","28核","112GiB","Intel Xeon(Ice Lake) Platinum 8336C","-","-","9.6154","4615.42","55384.98","110769.96","166154.95","华东2（上海）"
"ecs.d2c.7xlarge","28核","112GiB","Intel Xeon(Ice Lake) Platinum 8336C","-","-","9.6154","4615.42","55384.98","110769.96","166154.95","华北2（北京）"
"ecs.d2c.7xlarge","28核","112GiB","Intel Xeon(Ice Lake) Platinum 8336C","-","-","17.2756","7774","93287.99","186575.99","279863.98","中国香港"
"ecs.d2c.14xlarge","56核","224GiB","Intel Xeon(Ice Lake) Platinum 8336C","-","-","29.667091","14240.2","170882.44","341764.89","512647.33","亚太东南（雅加达）"
"ecs.d2c.14xlarge","56核","224GiB","Intel Xeon(Ice Lake) Platinum 8336C","-","-","32.2907","14530.82","174369.84","348739.68","523109.52","亚太东南（柔佛）"
"ecs.d2c.14xlarge","56核","224GiB","Intel Xeon(Ice Lake) Platinum 8336C","-","-","19.2309","9230.83","110769.96","221539.93","332309.89","华南1（广州）"
"ecs.d2c.14xlarge","56核","224GiB","Intel Xeon(Ice Lake) Platinum 8336C","-","-","19.2309","9230.83","110769.96","221539.93","332309.89","华东2（上海）"
"ecs.d2c.14xlarge","56核","224GiB","Intel Xeon(Ice Lake) Platinum 8336C","-","-","19.2309","9230.83","110769.96","221539.93","332309.89","华北2（北京）"
"ecs.d2c.14xlarge","56核","224GiB","Intel Xeon(Ice Lake) Platinum 8336C","-","-","34.5511","15548","186575.99","373151.97","559727.96","中国香港"
"ecs.d1s.2xlarge","8核","64GiB","-","-","-","6.7758","1951.43","23417.16","46834.32","70251.48","华东2（上海）"
"ecs.d1s.2xlarge","8核","64GiB","-","-","-","6.7758","1951.43","23417.16","46834.32","70251.48","华南1（广州）"
"ecs.d1s.4xlarge","16核","128GiB","-","-","-","13.5516","3902.86","46834.33","93668.66","140503","华东2（上海）"
"ecs.d1s.4xlarge","16核","128GiB","-","-","-","13.5516","3902.86","46834.33","93668.66","140503","华南1（广州）"
"ecs.d1s.8xlarge","32核","256GiB","-","-","-","27.1032","7805.72","93668.66","187337.33","281005.99","华东2（上海）"
"ecs.d1s.8xlarge","32核","256GiB","-","-","-","27.1032","7805.72","93668.66","187337.33","281005.99","华南1（广州）"
"ecs.d1s.16xlarge","64核","512GiB","-","-","-","54.2064","15611.44","187337.28","374674.56","562011.84","华东2（上海）"
"ecs.d1s.16xlarge","64核","512GiB","-","-","-","54.2064","15611.44","187337.28","374674.56","562011.84","华南1（广州）"
"ecs.hfr3i.large","2核","16GiB","-","-","-","0.7999","384","4608","9216","13824","华南1（广州）"
"ecs.hfr3i.large","2核","16GiB","-","-","-","0.7999","384","4608","9216","13824","华东2（上海）"
"ecs.hfr3i.large","2核","16GiB","-","-","-","0.7999","384","4608","9216","13824","华北2（北京）"
"ecs.hfr3i.xlarge","4核","32GiB","-","-","-","1.6","768","9216","18432","27648","华南1（广州）"
"ecs.hfr3i.xlarge","4核","32GiB","-","-","-","1.6","768","9216","18432","27648","华东2（上海）"
"ecs.hfr3i.xlarge","4核","32GiB","-","-","-","1.6","768","9216","18432","27648","华北2（北京）"
"ecs.hfr3i.2xlarge","8核","64GiB","-","-","-","3.1999","1536","18432","36864","55296","华南1（广州）"
"ecs.hfr3i.2xlarge","8核","64GiB","-","-","-","3.1999","1536","18432","36864","55296","华东2（上海）"
"ecs.hfr3i.2xlarge","8核","64GiB","-","-","-","3.1999","1536","18432","36864","55296","华北2（北京）"
"ecs.hfr3i.4xlarge","16核","128GiB","-","-","-","6.4","3072","36864","73728","110592","华南1（广州）"
"ecs.hfr3i.4xlarge","16核","128GiB","-","-","-","6.4","3072","36864","73728","110592","华东2（上海）"
"ecs.hfr3i.4xlarge","16核","128GiB","-","-","-","6.4","3072","36864","73728","110592","华北2（北京）"
"ecs.hfr3i.8xlarge","32核","256GiB","-","-","-","12.7999","6144","73728","147456","221184","华南1（广州）"
"ecs.hfr3i.8xlarge","32核","256GiB","-","-","-","12.7999","6144","73728","147456","221184","华东2（上海）"
"ecs.hfr3i.8xlarge","32核","256GiB","-","-","-","12.7999","6144","73728","147456","221184","华北2（北京）"
"ecs.hfr3i.15xlarge","60核","512GiB","-","-","-","24","11520","138240","276480","414720","华南1（广州）"
"ecs.hfr3i.15xlarge","60核","512GiB","-","-","-","24","11520","138240","276480","414720","华东2（上海）"
"ecs.hfr3i.15xlarge","60核","512GiB","-","-","-","24","11520","138240","276480","414720","华北2（北京）"
"ecs.hfr3i.30xlarge","120核","1024GiB","-","-","-","48","23040","276480","552960","829440","华南1（广州）"
"ecs.hfr3i.30xlarge","120核","1024GiB","-","-","-","48","23040","276480","552960","829440","华东2（上海）"
"ecs.hfr3i.30xlarge","120核","1024GiB","-","-","-","48","23040","276480","552960","829440","华北2（北京）"
"ecs.hfr2.large","2核","16GiB","Intel Xeon(Ice Lake) Platinum 8362","-","-","0.7541","368","4416","8832","13248","华东2（上海）"
"ecs.hfr2.large","2核","16GiB","Intel Xeon(Ice Lake) Platinum 8362","-","-","0.7541","368","4416","8832","13248","华南1（广州）"
"ecs.hfr2.large","2核","16GiB","Intel Xeon(Ice Lake) Platinum 8362","-","-","0.7541","368","4416","8832","13248","华北2（北京）"
"ecs.hfr2.xlarge","4核","32GiB","Intel Xeon(Ice Lake) Platinum 8362","-","-","1.5082","736","8832","17664","26496","华东2（上海）"
"ecs.hfr2.xlarge","4核","32GiB","Intel Xeon(Ice Lake) Platinum 8362","-","-","1.5082","736","8832","17664","26496","华南1（广州）"
"ecs.hfr2.xlarge","4核","32GiB","Intel Xeon(Ice Lake) Platinum 8362","-","-","1.5082","736","8832","17664","26496","华北2（北京）"
"ecs.hfr2.2xlarge","8核","64GiB","Intel Xeon(Ice Lake) Platinum 8362","-","-","3.0164","1472","17664","35328","52992","华东2（上海）"
"ecs.hfr2.2xlarge","8核","64GiB","Intel Xeon(Ice Lake) Platinum 8362","-","-","3.0164","1472","17664","35328","52992","华南1（广州）"
"ecs.hfr2.2xlarge","8核","64GiB","Intel Xeon(Ice Lake) Platinum 8362","-","-","3.0164","1472","17664","35328","52992","华北2（北京）"
"ecs.hfr2.4xlarge","16核","128GiB","Intel Xeon(Ice Lake) Platinum 8362","-","-","6.0328","2944","35328","70656","105984","华东2（上海）"
"ecs.hfr2.4xlarge","16核","128GiB","Intel Xeon(Ice Lake) Platinum 8362","-","-","6.0328","2944","35328","70656","105984","华南1（广州）"
"ecs.hfr2.4xlarge","16核","128GiB","Intel Xeon(Ice Lake) Platinum 8362","-","-","6.0328","2944","35328","70656","105984","华北2（北京）"
"ecs.hfr2.8xlarge","32核","256GiB","Intel Xeon(Ice Lake) Platinum 8362","-","-","12.0656","5888","70656","141312","211968","华东2（上海）"
"ecs.hfr2.8xlarge","32核","256GiB","Intel Xeon(Ice Lake) Platinum 8362","-","-","12.0656","5888","70656","141312","211968","华南1（广州）"
"ecs.hfr2.8xlarge","32核","256GiB","Intel Xeon(Ice Lake) Platinum 8362","-","-","12.0656","5888","70656","141312","211968","华北2（北京）"
"ecs.hfr2.12xlarge","48核","384GiB","Intel Xeon(Ice Lake) Platinum 8362","-","-","18.0984","8832","105984","211968","317952","华北2（北京）"
"ecs.hfr2.12xlarge","48核","384GiB","Intel Xeon(Ice Lake) Platinum 8362","-","-","18.0984","8832","105984","211968","317952","华南1（广州）"
"ecs.hfr2.12xlarge","48核","384GiB","Intel Xeon(Ice Lake) Platinum 8362","-","-","18.0984","8832","105984","211968","317952","华东2（上海）"
"ecs.hfg2.large","2核","8GiB","Intel Xeon(Ice Lake) Platinum 8362","-","-","0.6762","330","3960","7920","11880","华东2（上海）"
"ecs.hfg2.large","2核","8GiB","Intel Xeon(Ice Lake) Platinum 8362","-","-","0.6762","330","3960","7920","11880","华南1（广州）"
"ecs.hfg2.large","2核","8GiB","Intel Xeon(Ice Lake) Platinum 8362","-","-","0.6762","330","3960","7920","11880","华北2（北京）"
"ecs.hfg2.xlarge","4核","16GiB","Intel Xeon(Ice Lake) Platinum 8362","-","-","1.3525","660","7920","15840","23760","华北2（北京）"
"ecs.hfg2.xlarge","4核","16GiB","Intel Xeon(Ice Lake) Platinum 8362","-","-","1.3525","660","7920","15840","23760","华东2（上海）"
"ecs.hfg2.xlarge","4核","16GiB","Intel Xeon(Ice Lake) Platinum 8362","-","-","1.3525","660","7920","15840","23760","华南1（广州）"
"ecs.hfg2.2xlarge","8核","32GiB","Intel Xeon(Ice Lake) Platinum 8362","-","-","2.7049","1320","15840","31680","47520","华北2（北京）"
"ecs.hfg2.2xlarge","8核","32GiB","Intel Xeon(Ice Lake) Platinum 8362","-","-","2.7049","1320","15840","31680","47520","华东2（上海）"
"ecs.hfg2.2xlarge","8核","32GiB","Intel Xeon(Ice Lake) Platinum 8362","-","-","2.7049","1320","15840","31680","47520","华南1（广州）"
"ecs.hfg2.4xlarge","16核","64GiB","Intel Xeon(Ice Lake) Platinum 8362","-","-","5.4098","2640","31680","63360","95040","华东2（上海）"
"ecs.hfg2.4xlarge","16核","64GiB","Intel Xeon(Ice Lake) Platinum 8362","-","-","5.4098","2640","31680","63360","95040","华南1（广州）"
"ecs.hfg2.4xlarge","16核","64GiB","Intel Xeon(Ice Lake) Platinum 8362","-","-","5.4098","2640","31680","63360","95040","华北2（北京）"
"ecs.hfg2.8xlarge","32核","128GiB","Intel Xeon(Ice Lake) Platinum 8362","-","-","10.8197","5280","63360","126720","190080","华北2（北京）"
"ecs.hfg2.8xlarge","32核","128GiB","Intel Xeon(Ice Lake) Platinum 8362","-","-","10.8197","5280","63360","126720","190080","华东2（上海）"
"ecs.hfg2.8xlarge","32核","128GiB","Intel Xeon(Ice Lake) Platinum 8362","-","-","10.8197","5280","63360","126720","190080","华南1（广州）"
"ecs.hfg2.12xlarge","48核","192GiB","Intel Xeon(Ice Lake) Platinum 8362","-","-","16.2295","7920","95040","190080","285120","华东2（上海）"
"ecs.hfg2.12xlarge","48核","192GiB","Intel Xeon(Ice Lake) Platinum 8362","-","-","16.2295","7920","95040","190080","285120","华南1（广州）"
"ecs.hfg2.12xlarge","48核","192GiB","Intel Xeon(Ice Lake) Platinum 8362","-","-","16.2295","7920","95040","190080","285120","华北2（北京）"
"ecs.hfc2.large","2核","4GiB","Intel Xeon(Ice Lake) Platinum 8362","-","-","0.4508","220","2640","5280","7920","华东2（上海）"
"ecs.hfc2.large","2核","4GiB","Intel Xeon(Ice Lake) Platinum 8362","-","-","0.4508","220","2640","5280","7920","华南1（广州）"
"ecs.hfc2.large","2核","4GiB","Intel Xeon(Ice Lake) Platinum 8362","-","-","0.4508","220","2640","5280","7920","华北2（北京）"
"ecs.hfc2.xlarge","4核","8GiB","Intel Xeon(Ice Lake) Platinum 8362","-","-","0.9016","440","5280","10560","15840","华北2（北京）"
"ecs.hfc2.xlarge","4核","8GiB","Intel Xeon(Ice Lake) Platinum 8362","-","-","0.9016","440","5280","10560","15840","华东2（上海）"
"ecs.hfc2.xlarge","4核","8GiB","Intel Xeon(Ice Lake) Platinum 8362","-","-","0.9016","440","5280","10560","15840","华南1（广州）"
"ecs.hfc2.2xlarge","8核","16GiB","Intel Xeon(Ice Lake) Platinum 8362","-","-","1.8033","880","10560","21120","31680","华北2（北京）"
"ecs.hfc2.2xlarge","8核","16GiB","Intel Xeon(Ice Lake) Platinum 8362","-","-","1.8033","880","10560","21120","31680","华东2（上海）"
"ecs.hfc2.2xlarge","8核","16GiB","Intel Xeon(Ice Lake) Platinum 8362","-","-","1.8033","880","10560","21120","31680","华南1（广州）"
"ecs.hfc2.4xlarge","16核","32GiB","Intel Xeon(Ice Lake) Platinum 8362","-","-","3.6066","1760","21120","42240","63360","华东2（上海）"
"ecs.hfc2.4xlarge","16核","32GiB","Intel Xeon(Ice Lake) Platinum 8362","-","-","3.6066","1760","21120","42240","63360","华南1（广州）"
"ecs.hfc2.4xlarge","16核","32GiB","Intel Xeon(Ice Lake) Platinum 8362","-","-","3.6066","1760","21120","42240","63360","华北2（北京）"
"ecs.hfc2.8xlarge","32核","64GiB","Intel Xeon(Ice Lake) Platinum 8362","-","-","7.2131","3520","42240","84480","126720","华北2（北京）"
"ecs.hfc2.8xlarge","32核","64GiB","Intel Xeon(Ice Lake) Platinum 8362","-","-","7.2131","3520","42240","84480","126720","华东2（上海）"
"ecs.hfc2.8xlarge","32核","64GiB","Intel Xeon(Ice Lake) Platinum 8362","-","-","7.2131","3520","42240","84480","126720","华南1（广州）"
"ecs.hfc2.12xlarge","48核","96GiB","Intel Xeon(Ice Lake) Platinum 8362","-","-","10.8197","5280","63360","126720","190080","华东2（上海）"
"ecs.hfc2.12xlarge","48核","96GiB","Intel Xeon(Ice Lake) Platinum 8362","-","-","10.8197","5280","63360","126720","190080","华南1（广州）"
"ecs.hfc2.12xlarge","48核","96GiB","Intel Xeon(Ice Lake) Platinum 8362","-","-","10.8197","5280","63360","126720","190080","华北2（北京）"
"ecs.t2-c2m1.large","2核","1GiB","Intel Xeon(Ice Lake) Platinum 8336C","-","-","0.07266","35.44","425.25","850.5","1275.75","中国香港"
"ecs.t2-c2m1.large","2核","1GiB","Intel Xeon(Ice Lake) Platinum 8336C","-","-","0.0579","32.06","384.75","769.5","1154.25","亚太东南（柔佛）"
"ecs.t2-c1m1.large","2核","2GiB","Intel Xeon(Ice Lake) Platinum 8336C","-","-","0.1384","67.5","810","1620","2430","中国香港"
"ecs.t2-c1m1.large","2核","2GiB","Intel Xeon(Ice Lake) Platinum 8336C","-","-","0.1158","64.12","769.5","1539","2308.5","亚太东南（柔佛）"
"ecs.t2-c1m2.large","2核","4GiB","Intel Xeon(Ice Lake) Platinum 8336C","-","-","0.2768","135","1620","3240","4860","中国香港"
"ecs.t2-c1m2.large","2核","4GiB","Intel Xeon(Ice Lake) Platinum 8336C","-","-","0.2316","128.25","1539","3078","4617","亚太东南（柔佛）"
"ecs.t2-c1m4.large","2核","8GiB","Intel Xeon(Ice Lake) Platinum 8336C","-","-","0.5536","270","3240","6480","9720","中国香港"
"ecs.t2-c1m4.large","2核","8GiB","Intel Xeon(Ice Lake) Platinum 8336C","-","-","0.4631","256.5","3078","6156","9234","亚太东南（柔佛）"
"ecs.t2-c1m4.xlarge","4核","16GiB","Intel Xeon(Ice Lake) Platinum 8336C","-","-","1.1072","540","6480","12960","19440","中国香港"
"ecs.t2-c1m4.xlarge","4核","16GiB","Intel Xeon(Ice Lake) Platinum 8336C","-","-","0.9263","513","6156","12312","18468","亚太东南（柔佛）"
"ecs.t2-c1m4.2xlarge","8核","32GiB","Intel Xeon(Ice Lake) Platinum 8336C","-","-","2.2144","1080","12960","25920","38880","中国香港"
"ecs.t2-c1m4.2xlarge","8核","32GiB","Intel Xeon(Ice Lake) Platinum 8336C","-","-","1.8525","1026","12312","24624","36936","亚太东南（柔佛）"
"ecs.ebmhfr3i.30xlarge","120核","1024GiB","-","-","-","80","23040","276480","552960","829440","华东2（上海）"
"ecs.ebmhfr3i.30xlarge","120核","1024GiB","-","-","-","80","23040","276480","552960","829440","华南1（广州）"
"ecs.ebmhfr3i.30xlarge","120核","1024GiB","-","-","-","80","23040","276480","552960","829440","华北2（北京）"
"ecs.ebmg2i.32xlarge","128核","512GiB","-","-","-","29.44","14131.2","169574.4","339148.8","508723.2","华东2（上海）"
"ecs.ebmg2i.32xlarge","128核","512GiB","-","-","-","29.44","14131.2","169574.4","339148.8","508723.2","华北2（北京）"
"ecs.ebmhfc2i.32xlarge","128核","256GiB","-","-","-","28.6733333","13763.2","165158.4","330316.8","495475.2","华东2（上海）"
"ecs.ebmhfc2i.32xlarge","128核","256GiB","-","-","-","28.67","13763.2","165158.4","330316.8","495475.2","华北2（北京）"
"ecs.gni2.3xlarge","14核","56GiB","Intel Xeon(Ice Lake) Platinum 8336C","NVIDIA A10 * 1","24GB * 1","10.0938","4845","58140","116280","174420","华东2（上海）"
"ecs.gni2.3xlarge","14核","56GiB","Intel Xeon(Ice Lake) Platinum 8336C","NVIDIA A10 * 1","24GB * 1","10.0938","4845","58140","116280","174420","华北2（北京）"
"ecs.gni2.7xlarge","28核","112GiB","Intel Xeon(Ice Lake) Platinum 8336C","NVIDIA A10 * 1","24GB * 1","10.625","5100","61200","122400","183600","华北2（北京）"
"ecs.gni2.7xlarge","28核","112GiB","Intel Xeon(Ice Lake) Platinum 8336C","NVIDIA A10 * 1","24GB * 1","10.625","5100","61200","122400","183600","华东2（上海）"
"ecs.gni2.10xlarge","42核","168GiB","Intel Xeon(Ice Lake) Platinum 8336C","NVIDIA A10 * 1","24GB * 1","16.25","7800","93600","187200","280800","华东2（上海）"
"ecs.gni2.10xlarge","42核","168GiB","Intel Xeon(Ice Lake) Platinum 8336C","NVIDIA A10 * 1","24GB * 1","16.25","7800","93600","187200","280800","华北2（北京）"
"ecs.gni2.14xlarge","56核","224GiB","Intel Xeon(Ice Lake) Platinum 8336C","NVIDIA A10 * 2","24GB * 2","21.25","10200","122400","244800","367200","华东2（上海）"
"ecs.gni2.14xlarge","56核","224GiB","Intel Xeon(Ice Lake) Platinum 8336C","NVIDIA A10 * 2","24GB * 2","21.25","10200","122400","244800","367200","华北2（北京）"
"ecs.gni2.28xlarge","112核","448GiB","Intel Xeon(Ice Lake) Platinum 8336C","NVIDIA A10 * 4","24GB * 4","42.5","20400","244800","489600","734400","华北2（北京）"
"ecs.gni2.28xlarge","112核","448GiB","Intel Xeon(Ice Lake) Platinum 8336C","NVIDIA A10 * 4","24GB * 4","42.5","20400","244800","489600","734400","华东2（上海）"
"ecs.ini2.7xlarge","28核","234GiB","Intel Xeon(Ice Lake) Platinum 8336C","NVIDIA A30 * 1","24GB * 1","13.04","6364.25","76371","152742","229113","华南1（广州）"
"ecs.ini2.7xlarge","28核","234GiB","Intel Xeon(Ice Lake) Platinum 8336C","NVIDIA A30 * 1","24GB * 1","13.04","6364.25","76371","152742","229113","华北2（北京）"
"ecs.ini2.7xlarge","28核","234GiB","Intel Xeon(Ice Lake) Platinum 8336C","NVIDIA A30 * 1","24GB * 1","13.04","6364.25","76371","152742","229113","华东2（上海）"
"ecs.ini2.14xlarge","56核","468GiB","Intel Xeon(Ice Lake) Platinum 8336C","NVIDIA A30 * 2","24GB * 2","26.08","12728.5","152742","305484","458226","华南1（广州）"
"ecs.ini2.14xlarge","56核","468GiB","Intel Xeon(Ice Lake) Platinum 8336C","NVIDIA A30 * 2","24GB * 2","26.08","12728.5","152742","305484","458226","华北2（北京）"
"ecs.ini2.14xlarge","56核","468GiB","Intel Xeon(Ice Lake) Platinum 8336C","NVIDIA A30 * 2","24GB * 2","26.08","12728.5","152742","305484","458226","华东2（上海）"
"ecs.ini2.28xlarge","112核","936GiB","Intel Xeon(Ice Lake) Platinum 8336C","NVIDIA A30 * 4","24GB * 4","52.17","25457","305484","610968","916452","华南1（广州）"
"ecs.ini2.28xlarge","112核","936GiB","Intel Xeon(Ice Lake) Platinum 8336C","NVIDIA A30 * 4","24GB * 4","52.17","25457","305484","610968","916452","华北2（北京）"
"ecs.ini2.28xlarge","112核","936GiB","Intel Xeon(Ice Lake) Platinum 8336C","NVIDIA A30 * 4","24GB * 4","52.17","25457","305484","610968","916452","华东2（上海）"
"ecs.pni2.3xlarge","14核","245GiB","Intel Xeon(Ice Lake) Platinum 8336C","NVIDIA A100 * 1","80GB * 1","40.39","19708","236496","472992","709488","华南1（广州）"
"ecs.pni2.3xlarge","14核","245GiB","Intel Xeon(Ice Lake) Platinum 8336C","NVIDIA A100 * 1","80GB * 1","40.39","19708","236496","472992","709488","华北2（北京）"
"ecs.pni2.3xlarge","14核","245GiB","Intel Xeon(Ice Lake) Platinum 8336C","NVIDIA A100 * 1","80GB * 1","40.39","19708","236496","472992","709488","华东2（上海）"
"ecs.pni2.7xlarge","28核","490GiB","Intel Xeon(Ice Lake) Platinum 8336C","NVIDIA A100 * 2","80GB * 2","80.77","39416","472992","945984","1418976","华南1（广州）"
"ecs.pni2.7xlarge","28核","490GiB","Intel Xeon(Ice Lake) Platinum 8336C","NVIDIA A100 * 2","80GB * 2","80.77","39416","472992","945984","1418976","华东2（上海）"
"ecs.pni2.7xlarge","28核","490GiB","Intel Xeon(Ice Lake) Platinum 8336C","NVIDIA A100 * 2","80GB * 2","80.77","39416","472992","945984","1418976","华北2（北京）"
"ecs.pni2.14xlarge","56核","980GiB","Intel Xeon(Ice Lake) Platinum 8336C","NVIDIA A100 * 4","80GB * 4","161.54","78832","945984","1891968","2837952","华南1（广州）"
"ecs.pni2.14xlarge","56核","980GiB","Intel Xeon(Ice Lake) Platinum 8336C","NVIDIA A100 * 4","80GB * 4","161.54","78832","945984","1891968","2837952","华北2（北京）"
"ecs.pni2.14xlarge","56核","980GiB","Intel Xeon(Ice Lake) Platinum 8336C","NVIDIA A100 * 4","80GB * 4","161.54","78832","945984","1891968","2837952","华东2（上海）"
"ecs.pni2.28xlarge","112核","1960GiB","Intel Xeon(Ice Lake) Platinum 8336C","NVIDIA A100 * 8","80GB * 8","323.08","157664","1891968","3783936","5675904","华南1（广州）"
"ecs.pni2.28xlarge","112核","1960GiB","Intel Xeon(Ice Lake) Platinum 8336C","NVIDIA A100 * 8","80GB * 8","323.08","157664","1891968","3783936","5675904","华东2（上海）"
"ecs.pni2.28xlarge","112核","1960GiB","Intel Xeon(Ice Lake) Platinum 8336C","NVIDIA A100 * 8","80GB * 8","323.08","157664","1891968","3783936","5675904","华北2（北京）"
"ecs.g1ve.2xlarge","8核","32GiB","Intel Xeon(Cascade Lake) Platinum 8260","NVIDIA V100 * 1","32GB * 1","25.6662","6285.27","75423.24","150846.48","226269.72","华南1（广州）"
"ecs.g1ve.2xlarge","8核","32GiB","Intel Xeon(Cascade Lake) Platinum 8260","NVIDIA V100 * 1","32GB * 1","25.6662","6285.27","75423.24","150846.48","226269.72","华东2（上海）"
"ecs.g1ve.2xlarge","8核","32GiB","Intel Xeon(Cascade Lake) Platinum 8260","NVIDIA V100 * 1","32GB * 1","25.6662","6285.27","75423.24","150846.48","226269.72","华北2（北京）"
"ecs.g1ve.8xlarge","32核","128GiB","Intel Xeon(Cascade Lake) Platinum 8260","NVIDIA V100 * 4","32GB * 4","102.6648","25141.07","301692.84","603385.68","905078.52","华南1（广州）"
"ecs.g1ve.8xlarge","32核","128GiB","Intel Xeon(Cascade Lake) Platinum 8260","NVIDIA V100 * 4","32GB * 4","102.6648","25141.07","301692.84","603385.68","905078.52","华东2（上海）"
"ecs.g1ve.8xlarge","32核","128GiB","Intel Xeon(Cascade Lake) Platinum 8260","NVIDIA V100 * 4","32GB * 4","102.6648","25141.07","301692.84","603385.68","905078.52","华北2（北京）"
"ecs.g1ve.21xlarge","84核","342GiB","Intel Xeon(Cascade Lake) Platinum 8260","NVIDIA V100 * 8","32GB * 8","204.302952","51794","621528","1243056","1864584","华南1（广州）"
"ecs.g1ve.21xlarge","84核","342GiB","Intel Xeon(Cascade Lake) Platinum 8260","NVIDIA V100 * 8","32GB * 8","204.302952","51794","621528","1243056","1864584","华东2（上海）"
"ecs.g1ve.21xlarge","84核","342GiB","Intel Xeon(Cascade Lake) Platinum 8260","NVIDIA V100 * 8","32GB * 8","204.302952","51794","621528","1243056","1864584","华北2（北京）"
"ecs.g1te.xlarge","4核","16GiB","Intel Xeon(Cascade Lake) Platinum 8260","NVIDIA T4 * 1","16GB * 1","11.28","3248.96","38987.52","77975.04","116962.56","华南1（广州）"
"ecs.g1te.xlarge","4核","16GiB","Intel Xeon(Cascade Lake) Platinum 8260","NVIDIA T4 * 1","16GB * 1","11.2811","3248.96","38987.52","77975.04","116962.56","华北2（北京）"
"ecs.g1te.xlarge","4核","16GiB","Intel Xeon(Cascade Lake) Platinum 8260","NVIDIA T4 * 1","16GB * 1","11.28","3248.96","38987.52","77975.04","116962.56","华东2（上海）"
"ecs.g1te.2xlarge","8核","26GiB","Intel Xeon(Cascade Lake) Platinum 8260","NVIDIA T4 * 1","16GB * 1","13.58","3486.01","41832.12","83664.24","125496.36","华南1（广州）"
"ecs.g1te.2xlarge","8核","26GiB","Intel Xeon(Cascade Lake) Platinum 8260","NVIDIA T4 * 1","16GB * 1","13.58","3486.01","41832.12","83664.24","125496.36","华东2（上海）"
"ecs.g1te.2xlarge","8核","26GiB","Intel Xeon(Cascade Lake) Platinum 8260","NVIDIA T4 * 1","16GB * 1","13.58","3486.01","41832.12","83664.24","125496.36","华北2（北京）"
"ecs.g1te.4xlarge","16核","52GiB","Intel Xeon(Cascade Lake) Platinum 8260","NVIDIA T4 * 2","16GB * 2","27.16","6972.03","83664.36","167328.72","250993.08","华南1（广州）"
"ecs.g1te.4xlarge","16核","52GiB","Intel Xeon(Cascade Lake) Platinum 8260","NVIDIA T4 * 2","16GB * 2","27.16","6972.03","83664.36","167328.72","250993.08","华北2（北京）"
"ecs.g1te.4xlarge","16核","52GiB","Intel Xeon(Cascade Lake) Platinum 8260","NVIDIA T4 * 2","16GB * 2","27.16","6972.03","83664.36","167328.72","250993.08","华东2（上海）"
"ecs.g1te.8xlarge","32核","104GiB","Intel Xeon(Cascade Lake) Platinum 8260","NVIDIA T4 * 4","16GB * 4","54.32","13944.06","167328.72","334657.44","501986.16","华南1（广州）"
"ecs.g1te.8xlarge","32核","104GiB","Intel Xeon(Cascade Lake) Platinum 8260","NVIDIA T4 * 4","16GB * 4","54.32","13944.06","167328.72","334657.44","501986.16","华东2（上海）"
"ecs.g1te.8xlarge","32核","104GiB","Intel Xeon(Cascade Lake) Platinum 8260","NVIDIA T4 * 4","16GB * 4","54.32","13944.06","167328.72","334657.44","501986.16","华北2（北京）"
"ecs.g1te.21xlarge","84核","214GiB","Intel Xeon(Cascade Lake) Platinum 8260","NVIDIA T4 * 8","16GB * 8","111.356","30302","363624","727248","1090872","华南1（广州）"
"ecs.g1te.21xlarge","84核","214GiB","Intel Xeon(Cascade Lake) Platinum 8260","NVIDIA T4 * 8","16GB * 8","111.356","30302","363624","727248","1090872","华北2（北京）"
"ecs.g1te.21xlarge","84核","214GiB","Intel Xeon(Cascade Lake) Platinum 8260","NVIDIA T4 * 8","16GB * 8","111.356","30302","363624","727248","1090872","华东2（上海）"
"ecs.ebmhpcpni2l.32xlarge","128核","2048GiB","Intel Xeon(Ice Lake) Platinum 8336C","NVIDIA A800 * 8","80GB * 8","338","162500","1950000","3900000","5850000","华北2（北京）"
"ecs.hpcpni2.28xlarge","112核","1960GiB","Intel Xeon(Ice Lake) Platinum 8336C","NVIDIA A100 * 8","80GB * 8","350.67","171128","2053536","4107072","6160608","华东2（上海）"
"ecs.hpcpni2.28xlarge","112核","1960GiB","Intel Xeon(Ice Lake) Platinum 8336C","NVIDIA A100 * 8","80GB * 8","350.67","171128","2053536","4107072","6160608","华北2（北京）"
"ecs.hpcg1ve.21xlarge","84核","342GiB","Intel Xeon(Cascade Lake) Platinum 8260","NVIDIA V100*8","32GB * 8","233.825","54158","649896","1299792","1949688","华东2（上海）"
"ecs.hpcg1ve.21xlarge","84核","342GiB","Intel Xeon(Cascade Lake) Platinum 8260","NVIDIA V100*8","32GB * 8","233.825","54158","649896","1299792","1949688","华南1（广州）"
"ecs.hpcg1ve.21xlarge","84核","342GiB","Intel Xeon(Cascade Lake) Platinum 8260","NVIDIA V100*8","32GB * 8","233.825","54158","649896","1299792","1949688","华北2（北京）"
"ecs.gni2-vws.3xlarge","14核","56GiB","Intel Xeon(Ice Lake) Platinum 8336C","NVIDIA A10 * 1","24GB * 1","10.6198","5097.45","61169.4","122338.8","183508.2","华北2（北京）"
"ecs.gni2-vws.3xlarge","14核","56GiB","Intel Xeon(Ice Lake) Platinum 8336C","NVIDIA A10 * 1","24GB * 1","10.6198","5097.45","61169.4","122338.8","183508.2","华东2（上海）"
"ecs.gni2-vws.7xlarge","28核","112GiB","Intel Xeon(Ice Lake) Platinum 8336C","NVIDIA A10 * 1","24GB * 1","11.1511","5352.45","64229.4","128458.8","192688.2","华东2（上海）"
"ecs.gni2-vws.7xlarge","28核","112GiB","Intel Xeon(Ice Lake) Platinum 8336C","NVIDIA A10 * 1","24GB * 1","11.1511","5352.45","64229.4","128458.8","192688.2","华北2（北京）"
"ecs.gni2-vws.10xlarge","42核","168GiB","Intel Xeon(Ice Lake) Platinum 8336C","NVIDIA A10 * 1","24GB * 1","16.77605","8052.45","96629.4","193258.8","289888.2","华东2（上海）"
"ecs.gni2-vws.10xlarge","42核","168GiB","Intel Xeon(Ice Lake) Platinum 8336C","NVIDIA A10 * 1","24GB * 1","16.77605","8052.45","96629.4","193258.8","289888.2","华北2（北京）"
"ecs.gni2-vws.14xlarge","56核","224GiB","Intel Xeon(Ice Lake) Platinum 8336C","NVIDIA A10 * 2","24GB * 2","21.7761","10452.45","125429.4","250858.8","376288.2","华北2（北京）"
"ecs.gni2-vws.14xlarge","56核","224GiB","Intel Xeon(Ice Lake) Platinum 8336C","NVIDIA A10 * 2","24GB * 2","21.7761","10452.45","125429.4","250858.8","376288.2","华东2（上海）"
"ecs.gni2-vws.28xlarge","112核","448GiB","Intel Xeon(Ice Lake) Platinum 8336C","NVIDIA A10 * 4","24GB * 4","43.0261","20652.45","247829.4","495658.8","743488.2","华东2（上海）"
"ecs.gni2-vws.28xlarge","112核","448GiB","Intel Xeon(Ice Lake) Platinum 8336C","NVIDIA A10 * 4","24GB * 4","43.0261","20652.45","247829.4","495658.8","743488.2","华北2（北京）"
"ecs.g2i.large","2核","8GiB","Intel Xeon(Ice Lake) Platinum 8336C","-","-","0.5041","246","2952","5904","8856","华东2（上海）"
"ecs.g2i.large","2核","8GiB","Intel Xeon(Ice Lake) Platinum 8336C","-","-","0.5041","246","2952","5904","8856","华南1（广州）"
"ecs.g2i.large","2核","8GiB","Intel Xeon(Ice Lake) Platinum 8336C","-","-","0.5041","246","2952","5904","8856","华北2（北京）"
"ecs.g2i.large","2核","8GiB","Intel Xeon(Ice Lake) Platinum 8336C","-","-","0.7194","370","4440","8880","13320","亚太东南（柔佛）"
"ecs.g2i.xlarge","4核","16GiB","Intel Xeon(Ice Lake) Platinum 8336C","-","-","1.0082","492","5904","11808","17712","华东2（上海）"
"ecs.g2i.xlarge","4核","16GiB","Intel Xeon(Ice Lake) Platinum 8336C","-","-","1.0082","492","5904","11808","17712","华南1（广州）"
"ecs.g2i.xlarge","4核","16GiB","Intel Xeon(Ice Lake) Platinum 8336C","-","-","1.0082","492","5904","11808","17712","华北2（北京）"
"ecs.g2i.xlarge","4核","16GiB","Intel Xeon(Ice Lake) Platinum 8336C","-","-","1.4389","740","8880","17760","26640","亚太东南（柔佛）"
"ecs.g2i.2xlarge","8核","32GiB","Intel Xeon(Ice Lake) Platinum 8336C","-","-","2.0164","984","11808","23616","35424","华东2（上海）"
"ecs.g2i.2xlarge","8核","32GiB","Intel Xeon(Ice Lake) Platinum 8336C","-","-","2.0164","984","11808","23616","35424","华南1（广州）"
"ecs.g2i.2xlarge","8核","32GiB","Intel Xeon(Ice Lake) Platinum 8336C","-","-","2.0164","984","11808","23616","35424","华北2（北京）"
"ecs.g2i.2xlarge","8核","32GiB","Intel Xeon(Ice Lake) Platinum 8336C","-","-","2.8778","1480","17760","35520","53280","亚太东南（柔佛）"
"ecs.g2i.4xlarge","16核","64GiB","Intel Xeon(Ice Lake) Platinum 8336C","-","-","4.0328","1968","23616","47232","70848","华东2（上海）"
"ecs.g2i.4xlarge","16核","64GiB","Intel Xeon(Ice Lake) Platinum 8336C","-","-","4.0328","1968","23616","47232","70848","华南1（广州）"
"ecs.g2i.4xlarge","16核","64GiB","Intel Xeon(Ice Lake) Platinum 8336C","-","-","4.0328","1968","23616","47232","70848","华北2（北京）"
"ecs.g2i.4xlarge","16核","64GiB","Intel Xeon(Ice Lake) Platinum 8336C","-","-","5.7556","2960","35520","71040","106560","亚太东南（柔佛）"
"ecs.g2i.8xlarge","32核","128GiB","Intel Xeon(Ice Lake) Platinum 8336C","-","-","8.0656","3936","47232","94464","141696","华东2（上海）"
"ecs.g2i.8xlarge","32核","128GiB","Intel Xeon(Ice Lake) Platinum 8336C","-","-","8.0656","3936","47232","94464","141696","华南1（广州）"
"ecs.g2i.8xlarge","32核","128GiB","Intel Xeon(Ice Lake) Platinum 8336C","-","-","8.0656","3936","47232","94464","141696","华北2（北京）"
"ecs.g2i.8xlarge","32核","128GiB","Intel Xeon(Ice Lake) Platinum 8336C","-","-","11.5111","5920","71040","142080","213120","亚太东南（柔佛）"
"ecs.g2i.12xlarge","48核","192GiB","Intel Xeon(Ice Lake) Platinum 8336C","-","-","12.0984","5904","70848","141696","212544","华东2（上海）"
"ecs.g2i.12xlarge","48核","192GiB","Intel Xeon(Ice Lake) Platinum 8336C","-","-","12.0984","5904","70848","141696","212544","华南1（广州）"
"ecs.g2i.12xlarge","48核","192GiB","Intel Xeon(Ice Lake) Platinum 8336C","-","-","12.0984","5904","70848","141696","212544","华北2（北京）"
"ecs.g2i.12xlarge","48核","192GiB","Intel Xeon(Ice Lake) Platinum 8336C","-","-","17.2667","8880","106560","213120","319680","亚太东南（柔佛）"
"ecs.g2i.14xlarge","56核","224GiB","Intel Xeon(Ice Lake) Platinum 8336C","-","-","12.9856","6336.96","76043.52","152087.04","228130.56","华东2（上海）"
"ecs.g2i.14xlarge","56核","224GiB","Intel Xeon(Ice Lake) Platinum 8336C","-","-","12.9856","6336.96","76043.52","152087.04","228130.56","华南1（广州）"
"ecs.g2i.14xlarge","56核","224GiB","Intel Xeon(Ice Lake) Platinum 8336C","-","-","12.9856","6336.96","76043.52","152087.04","228130.56","华北2（北京）"
"ecs.g2i.14xlarge","56核","224GiB","Intel Xeon(Ice Lake) Platinum 8336C","-","-","18.5329","9531.2","114374.4","228748.8","343123.2","亚太东南（柔佛）"
"ecs.g2i.28xlarge","112核","448GiB","Intel Xeon(Ice Lake) Platinum 8336C","-","-","28.2295","13776","165312","330624","495936","华东2（上海）"
"ecs.g2i.28xlarge","112核","448GiB","Intel Xeon(Ice Lake) Platinum 8336C","-","-","28.2295","13776","165312","330624","495936","华南1（广州）"
"ecs.g2i.28xlarge","112核","448GiB","Intel Xeon(Ice Lake) Platinum 8336C","-","-","28.2295","13776","165312","330624","495936","华北2（北京）"
"ecs.g2i.28xlarge","112核","448GiB","Intel Xeon(Ice Lake) Platinum 8336C","-","-","40.2889","20720","248640","497280","745920","亚太东南（柔佛）"
"ecs.c2i.large","2核","4GiB","Intel Xeon(Ice Lake) Platinum 8336C","-","-","0.3893","190","2280","4560","6840","华东2（上海）"
"ecs.c2i.large","2核","4GiB","Intel Xeon(Ice Lake) Platinum 8336C","-","-","0.3893","190","2280","4560","6840","华南1（广州）"
"ecs.c2i.large","2核","4GiB","Intel Xeon(Ice Lake) Platinum 8336C","-","-","0.3893","190","2280","4560","6840","华北2（北京）"
"ecs.c2i.large","2核","4GiB","Intel Xeon(Ice Lake) Platinum 8336C","-","-","0.6139","340","4080","8160","12240","亚太东南（柔佛）"
"ecs.c2i.xlarge","4核","8GiB","Intel Xeon(Ice Lake) Platinum 8336C","-","-","0.7787","380","4560","9120","13680","华东2（上海）"
"ecs.c2i.xlarge","4核","8GiB","Intel Xeon(Ice Lake) Platinum 8336C","-","-","0.7787","380","4560","9120","13680","华南1（广州）"
"ecs.c2i.xlarge","4核","8GiB","Intel Xeon(Ice Lake) Platinum 8336C","-","-","0.7787","380","4560","9120","13680","华北2（北京）"
"ecs.c2i.xlarge","4核","8GiB","Intel Xeon(Ice Lake) Platinum 8336C","-","-","1.2278","680","8160","16320","24480","亚太东南（柔佛）"
"ecs.c2i.2xlarge","8核","16GiB","Intel Xeon(Ice Lake) Platinum 8336C","-","-","1.5574","760","9120","18240","27360","华东2（上海）"
"ecs.c2i.2xlarge","8核","16GiB","Intel Xeon(Ice Lake) Platinum 8336C","-","-","1.5574","760","9120","18240","27360","华南1（广州）"
"ecs.c2i.2xlarge","8核","16GiB","Intel Xeon(Ice Lake) Platinum 8336C","-","-","1.5574","760","9120","18240","27360","华北2（北京）"
"ecs.c2i.2xlarge","8核","16GiB","Intel Xeon(Ice Lake) Platinum 8336C","-","-","2.4556","1360","16320","32640","48960","亚太东南（柔佛）"
"ecs.c2i.4xlarge","16核","32GiB","Intel Xeon(Ice Lake) Platinum 8336C","-","-","3.1148","1520","18240","36480","54720","华东2（上海）"
"ecs.c2i.4xlarge","16核","32GiB","Intel Xeon(Ice Lake) Platinum 8336C","-","-","3.1148","1520","18240","36480","54720","华南1（广州）"
"ecs.c2i.4xlarge","16核","32GiB","Intel Xeon(Ice Lake) Platinum 8336C","-","-","3.1148","1520","18240","36480","54720","华北2（北京）"
"ecs.c2i.4xlarge","16核","32GiB","Intel Xeon(Ice Lake) Platinum 8336C","-","-","4.9111","2720","32640","65280","97920","亚太东南（柔佛）"
"ecs.c2i.8xlarge","32核","64GiB","Intel Xeon(Ice Lake) Platinum 8336C","-","-","6.2295","3040","36480","72960","109440","华东2（上海）"
"ecs.c2i.8xlarge","32核","64GiB","Intel Xeon(Ice Lake) Platinum 8336C","-","-","6.2295","3040","36480","72960","109440","华南1（广州）"
"ecs.c2i.8xlarge","32核","64GiB","Intel Xeon(Ice Lake) Platinum 8336C","-","-","6.2295","3040","36480","72960","109440","华北2（北京）"
"ecs.c2i.8xlarge","32核","64GiB","Intel Xeon(Ice Lake) Platinum 8336C","-","-","9.8222","5440","65280","130560","195840","亚太东南（柔佛）"
"ecs.c2i.12xlarge","48核","96GiB","Intel Xeon(Ice Lake) Platinum 8336C","-","-","9.3443","4560","54720","109440","164160","华东2（上海）"
"ecs.c2i.12xlarge","48核","96GiB","Intel Xeon(Ice Lake) Platinum 8336C","-","-","9.3443","4560","54720","109440","164160","华南1（广州）"
"ecs.c2i.12xlarge","48核","96GiB","Intel Xeon(Ice Lake) Platinum 8336C","-","-","9.3443","4560","54720","109440","164160","华北2（北京）"
"ecs.c2i.12xlarge","48核","96GiB","Intel Xeon(Ice Lake) Platinum 8336C","-","-","14.7333","8160","97920","195840","293760","亚太东南（柔佛）"
"ecs.r2i.large","2核","16GiB","Intel Xeon(Ice Lake) Platinum 8336C","-","-","0.6654","324.72","3896.64","7793.28","11689.92","华东2（上海）"
"ecs.r2i.large","2核","16GiB","Intel Xeon(Ice Lake) Platinum 8336C","-","-","0.6654","324.72","3896.64","7793.28","11689.92","华南1（广州）"
"ecs.r2i.large","2核","16GiB","Intel Xeon(Ice Lake) Platinum 8336C","-","-","0.6654","324.72","3896.64","7793.28","11689.92","华北2（北京）"
"ecs.r2i.large","2核","16GiB","Intel Xeon(Ice Lake) Platinum 8336C","-","-","0.8306","460","5520","11040","16560","亚太东南（柔佛）"
"ecs.r2i.xlarge","4核","32GiB","Intel Xeon(Ice Lake) Platinum 8336C","-","-","1.3308","649.44","7793.28","15586.56","23379.84","华东2（上海）"
"ecs.r2i.xlarge","4核","32GiB","Intel Xeon(Ice Lake) Platinum 8336C","-","-","1.3308","649.44","7793.28","15586.56","23379.84","华南1（广州）"
"ecs.r2i.xlarge","4核","32GiB","Intel Xeon(Ice Lake) Platinum 8336C","-","-","1.3308","649.44","7793.28","15586.56","23379.84","华北2（北京）"
"ecs.r2i.xlarge","4核","32GiB","Intel Xeon(Ice Lake) Platinum 8336C","-","-","1.6611","920","11040","22080","33120","亚太东南（柔佛）"
"ecs.r2i.2xlarge","8核","64GiB","Intel Xeon(Ice Lake) Platinum 8336C","-","-","2.6616","1298.88","15586.56","31173.12","46759.68","华东2（上海）"
"ecs.r2i.2xlarge","8核","64GiB","Intel Xeon(Ice Lake) Platinum 8336C","-","-","2.6616","1298.88","15586.56","31173.12","46759.68","华南1（广州）"
"ecs.r2i.2xlarge","8核","64GiB","Intel Xeon(Ice Lake) Platinum 8336C","-","-","2.6616","1298.88","15586.56","31173.12","46759.68","华北2（北京）"
"ecs.r2i.2xlarge","8核","64GiB","Intel Xeon(Ice Lake) Platinum 8336C","-","-","3.3222","1840","22080","44160","66240","亚太东南（柔佛）"
"ecs.r2i.4xlarge","16核","128GiB","Intel Xeon(Ice Lake) Platinum 8336C","-","-","5.3233","2597.76","31173.12","62346.24","93519.36","华东2（上海）"
"ecs.r2i.4xlarge","16核","128GiB","Intel Xeon(Ice Lake) Platinum 8336C","-","-","5.3233","2597.76","31173.12","62346.24","93519.36","华南1（广州）"
"ecs.r2i.4xlarge","16核","128GiB","Intel Xeon(Ice Lake) Platinum 8336C","-","-","5.3233","2597.76","31173.12","62346.24","93519.36","华北2（北京）"
"ecs.r2i.4xlarge","16核","128GiB","Intel Xeon(Ice Lake) Platinum 8336C","-","-","6.6444","3680","44160","88320","132480","亚太东南（柔佛）"
"ecs.r2i.8xlarge","32核","256GiB","Intel Xeon(Ice Lake) Platinum 8336C","-","-","10.6466","5195.52","62346.24","124692.48","187038.72","华东2（上海）"
"ecs.r2i.8xlarge","32核","256GiB","Intel Xeon(Ice Lake) Platinum 8336C","-","-","10.6466","5195.52","62346.24","124692.48","187038.72","华南1（广州）"
"ecs.r2i.8xlarge","32核","256GiB","Intel Xeon(Ice Lake) Platinum 8336C","-","-","10.6466","5195.52","62346.24","124692.48","187038.72","华北2（北京）"
"ecs.r2i.8xlarge","32核","256GiB","Intel Xeon(Ice Lake) Platinum 8336C","-","-","13.2889","7360","88320","176640","264960","亚太东南（柔佛）"
"ecs.r2i.12xlarge","48核","384GiB","Intel Xeon(Ice Lake) Platinum 8336C","-","-","15.9698","7793.28","93519.36","187038.72","280558.08","华东2（上海）"
"ecs.r2i.12xlarge","48核","384GiB","Intel Xeon(Ice Lake) Platinum 8336C","-","-","15.9698","7793.28","93519.36","187038.72","280558.08","华南1（广州）"
"ecs.r2i.12xlarge","48核","384GiB","Intel Xeon(Ice Lake) Platinum 8336C","-","-","15.9698","7793.28","93519.36","187038.72","280558.08","华北2（北京）"
"ecs.r2i.12xlarge","48核","384GiB","Intel Xeon(Ice Lake) Platinum 8336C","-","-","19.9333","11040","132480","264960","397440","亚太东南（柔佛）"
"ecs.hfg3il.large","2核","8GiB","-","-","-","0.5802","278.5","3342","6684","10026","华北2（北京）"
"ecs.hfg3il.large","2核","8GiB","-","-","-","0.5802","278.5","3342","6684","10026","华南1（广州）"
"ecs.hfg3il.large","2核","8GiB","-","-","-","0.5802","278.5","3342","6684","10026","华东2（上海）"
"ecs.hfg3il.xlarge","4核","16GiB","-","-","-","1.1604","557","6684","13368","20052","华北2（北京）"
"ecs.hfg3il.xlarge","4核","16GiB","-","-","-","1.1604","557","6684","13368","20052","华南1（广州）"
"ecs.hfg3il.xlarge","4核","16GiB","-","-","-","1.1604","557","6684","13368","20052","华东2（上海）"
"ecs.hfg3il.2xlarge","8核","32GiB","-","-","-","2.3208","1114","13368","26736","40104","华北2（北京）"
"ecs.hfg3il.2xlarge","8核","32GiB","-","-","-","2.3208","1114","13368","26736","40104","华南1（广州）"
"ecs.hfg3il.2xlarge","8核","32GiB","-","-","-","2.3208","1114","13368","26736","40104","华东2（上海）"
"ecs.hfg3il.3xlarge","12核","48GiB","-","-","-","3.4813","1671","20052","40104","60156","华北2（北京）"
"ecs.hfg3il.3xlarge","12核","48GiB","-","-","-","3.4813","1671","20052","40104","60156","华南1（广州）"
"ecs.hfg3il.3xlarge","12核","48GiB","-","-","-","3.4813","1671","20052","40104","60156","华东2（上海）"
"ecs.hfg3il.4xlarge","16核","64GiB","-","-","-","4.6417","2228","26736","53472","80208","华北2（北京）"
"ecs.hfg3il.4xlarge","16核","64GiB","-","-","-","4.6417","2228","26736","53472","80208","华南1（广州）"
"ecs.hfg3il.4xlarge","16核","64GiB","-","-","-","4.6417","2228","26736","53472","80208","华东2（上海）"
"ecs.hfg3il.8xlarge","32核","128GiB","-","-","-","9.2833","4456","53472","106944","160416","华北2（北京）"
"ecs.hfg3il.8xlarge","32核","128GiB","-","-","-","9.2833","4456","53472","106944","160416","华南1（广州）"
"ecs.hfg3il.8xlarge","32核","128GiB","-","-","-","9.2833","4456","53472","106944","160416","华东2（上海）"
"ecs.hfg3il.12xlarge","48核","192GiB","-","-","-","13.925","6684","80208","160416","240624","华北2（北京）"
"ecs.hfg3il.12xlarge","48核","192GiB","-","-","-","13.925","6684","80208","160416","240624","华南1（广州）"
"ecs.hfg3il.12xlarge","48核","192GiB","-","-","-","13.925","6684","80208","160416","240624","华东2（上海）"
"ecs.hfg3il.14xlarge","54核","223GiB","-","-","-","15.6656","7519.5","90234","180468","270702","华北2（北京）"
"ecs.hfg3il.14xlarge","54核","223GiB","-","-","-","15.6656","7519.5","90234","180468","270702","华南1（广州）"
"ecs.hfg3il.14xlarge","54核","223GiB","-","-","-","15.6656","7519.5","90234","180468","270702","华东2（上海）"
"ecs.hfc3il.large","2核","4GiB","-","-","-","0.4685","224.88","2698.5","5397","8095.5","华东2（上海）"
"ecs.hfc3il.large","2核","4GiB","-","-","-","0.4685","224.88","2698.5","5397","8095.5","华南1（广州）"
"ecs.hfc3il.large","2核","4GiB","-","-","-","0.4685","224.88","2698.5","5397","8095.5","华北2（北京）"
"ecs.hfc3il.xlarge","4核","8GiB","-","-","-","0.937","449.75","5397","10794","16191","华东2（上海）"
"ecs.hfc3il.xlarge","4核","8GiB","-","-","-","0.937","449.75","5397","10794","16191","华南1（广州）"
"ecs.hfc3il.xlarge","4核","8GiB","-","-","-","0.937","449.75","5397","10794","16191","华北2（北京）"
"ecs.hfc3il.2xlarge","8核","16GiB","-","-","-","1.874","899.5","10794","21588","32382","华东2（上海）"
"ecs.hfc3il.2xlarge","8核","16GiB","-","-","-","1.874","899.5","10794","21588","32382","华南1（广州）"
"ecs.hfc3il.2xlarge","8核","16GiB","-","-","-","1.874","899.5","10794","21588","32382","华北2（北京）"
"ecs.hfc3il.3xlarge","12核","24GiB","-","-","-","2.8109","1349.25","16191","32382","48573","华东2（上海）"
"ecs.hfc3il.3xlarge","12核","24GiB","-","-","-","2.8109","1349.25","16191","32382","48573","华南1（广州）"
"ecs.hfc3il.3xlarge","12核","24GiB","-","-","-","2.8109","1349.25","16191","32382","48573","华北2（北京）"
"ecs.hfc3il.4xlarge","16核","32GiB","-","-","-","3.7479","1799","21588","43176","64764","华东2（上海）"
"ecs.hfc3il.4xlarge","16核","32GiB","-","-","-","3.7479","1799","21588","43176","64764","华南1（广州）"
"ecs.hfc3il.4xlarge","16核","32GiB","-","-","-","3.7479","1799","21588","43176","64764","华北2（北京）"
"ecs.hfc3il.8xlarge","32核","64GiB","-","-","-","7.4958","3598","43176","86352","129528","华东2（上海）"
"ecs.hfc3il.8xlarge","32核","64GiB","-","-","-","7.4958","3598","43176","86352","129528","华南1（广州）"
"ecs.hfc3il.8xlarge","32核","64GiB","-","-","-","7.4958","3598","43176","86352","129528","华北2（北京）"
"ecs.hfc3il.12xlarge","48核","96GiB","-","-","-","11.2438","5397","64764","129528","194292","华东2（上海）"
"ecs.hfc3il.12xlarge","48核","96GiB","-","-","-","11.2438","5397","64764","129528","194292","华南1（广州）"
"ecs.hfc3il.12xlarge","48核","96GiB","-","-","-","11.2438","5397","64764","129528","194292","华北2（北京）"
"ecs.hfc3il.14xlarge","54核","108GiB","-","-","-","12.6492","6071.62","72859.5","145719","218578.5","华东2（上海）"
"ecs.hfc3il.14xlarge","54核","108GiB","-","-","-","12.6492","6071.62","72859.5","145719","218578.5","华南1（广州）"
"ecs.hfc3il.14xlarge","54核","108GiB","-","-","-","12.6492","6071.62","72859.5","145719","218578.5","华北2（北京）"
"ecs.hfr3il.large","2核","16GiB","-","-","-","0.8","384","4608","9216","13824","华北2（北京）"
"ecs.hfr3il.large","2核","16GiB","-","-","-","0.8","384","4608","9216","13824","华南1（广州）"
"ecs.hfr3il.large","2核","16GiB","-","-","-","0.8","384","4608","9216","13824","华东2（上海）"
"ecs.hfr3il.xlarge","4核","32GiB","-","-","-","1.6","768","9216","18432","27648","华北2（北京）"
"ecs.hfr3il.xlarge","4核","32GiB","-","-","-","1.6","768","9216","18432","27648","华南1（广州）"
"ecs.hfr3il.xlarge","4核","32GiB","-","-","-","1.6","768","9216","18432","27648","华东2（上海）"
"ecs.hfr3il.2xlarge","8核","64GiB","-","-","-","3.2","1536","18432","36864","55296","华北2（北京）"
"ecs.hfr3il.2xlarge","8核","64GiB","-","-","-","3.2","1536","18432","36864","55296","华南1（广州）"
"ecs.hfr3il.2xlarge","8核","64GiB","-","-","-","3.2","1536","18432","36864","55296","华东2（上海）"
"ecs.hfr3il.3xlarge","12核","96GiB","-","-","-","4.8","2304","27648","55296","82944","华北2（北京）"
"ecs.hfr3il.3xlarge","12核","96GiB","-","-","-","4.8","2304","27648","55296","82944","华南1（广州）"
"ecs.hfr3il.3xlarge","12核","96GiB","-","-","-","4.8","2304","27648","55296","82944","华东2（上海）"
"ecs.hfr3il.4xlarge","16核","128GiB","-","-","-","6.4","3072","36864","73728","110592","华北2（北京）"
"ecs.hfr3il.4xlarge","16核","128GiB","-","-","-","6.4","3072","36864","73728","110592","华南1（广州）"
"ecs.hfr3il.4xlarge","16核","128GiB","-","-","-","6.4","3072","36864","73728","110592","华东2（上海）"
"ecs.hfr3il.8xlarge","32核","256GiB","-","-","-","12.8","6144","73728","147456","221184","华北2（北京）"
"ecs.hfr3il.8xlarge","32核","256GiB","-","-","-","12.8","6144","73728","147456","221184","华南1（广州）"
"ecs.hfr3il.8xlarge","32核","256GiB","-","-","-","12.8","6144","73728","147456","221184","华东2（上海）"
"ecs.hfr3il.12xlarge","48核","384GiB","-","-","-","19.2","9216","110592","221184","331776","华北2（北京）"
"ecs.hfr3il.12xlarge","48核","384GiB","-","-","-","19.2","9216","110592","221184","331776","华南1（广州）"
"ecs.hfr3il.12xlarge","48核","384GiB","-","-","-","19.2","9216","110592","221184","331776","华东2（上海）"
"ecs.e-c1m1.small","1核","1GiB","Intel Xeon Platinum","-","-","0.0548","26.3","315.6","631.2","946.8","亚太东南（雅加达）"
"ecs.e-c1m2.small","1核","2GiB","Intel Xeon Platinum","-","-","0.0958","46","552","1104","1656","亚太东南（雅加达）"
"ecs.e-c1m1.large","2核","2GiB","Intel Xeon Platinum","-","-","0.1096","52.6","631.2","1262.4","1893.6","亚太东南（雅加达）"
"ecs.e-c1m1.large","2核","2GiB","Intel Xeon Platinum","-","-","0.1096","52.6","631.2","1262.4","1893.6","亚太东南（柔佛）"
"ecs.e-c1m1.large","2核","2GiB","Intel Xeon Platinum","-","-","0.0875","42","504","1008","1512","华北2（北京）"
"ecs.e-c1m1.large","2核","2GiB","Intel Xeon Platinum","-","-","0.0875","42","504","1008","1512","华南1（广州）"
"ecs.e-c1m1.large","2核","2GiB","Intel Xeon Platinum","-","-","0.0875","42","504","1008","1512","华东2（上海）"
"ecs.e-c1m2.large","2核","4GiB","Intel Xeon Platinum","-","-","0.2127","102.1","1225.2","2450.4","3675.6","亚太东南（雅加达）"
"ecs.e-c1m2.large","2核","4GiB","Intel Xeon Platinum","-","-","0.2127","102.1","1225.2","2450.4","3675.6","亚太东南（柔佛）"
"ecs.e-c1m2.large","2核","4GiB","Intel Xeon Platinum","-","-","0.2042","98","1176","2352","3528","华北2（北京）"
"ecs.e-c1m2.large","2核","4GiB","Intel Xeon Platinum","-","-","0.2042","98","1176","2352","3528","华南1（广州）"
"ecs.e-c1m2.large","2核","4GiB","Intel Xeon Platinum","-","-","0.2042","98","1176","2352","3528","华东2（上海）"
"ecs.e-c1m4.large","2核","8GiB","Intel Xeon Platinum","-","-","0.4733","227.2","2726.4","5452.8","8179.2","亚太东南（雅加达）"
"ecs.e-c1m4.large","2核","8GiB","Intel Xeon Platinum","-","-","0.4733","227.2","2726.4","5452.8","8179.2","亚太东南（柔佛）"
"ecs.e-c1m4.large","2核","8GiB","Intel Xeon Platinum","-","-","0.3042","146","1752","3504","5256","华北2（北京）"
"ecs.e-c1m4.large","2核","8GiB","Intel Xeon Platinum","-","-","0.3042","146","1752","3504","5256","华南1（广州）"
"ecs.e-c1m4.large","2核","8GiB","Intel Xeon Platinum","-","-","0.3042","146","1752","3504","5256","华东2（上海）"
"ecs.e-c1m1.xlarge","4核","4GiB","Intel Xeon Platinum","-","-","0.5479","263","3156","6312","9468","亚太东南（雅加达）"
"ecs.e-c1m1.xlarge","4核","4GiB","Intel Xeon Platinum","-","-","0.5479","263","3156","6312","9468","亚太东南（柔佛）"
"ecs.e-c1m1.xlarge","4核","4GiB","Intel Xeon Platinum","-","-","0.35","168","2016","4032","6048","华北2（北京）"
"ecs.e-c1m1.xlarge","4核","4GiB","Intel Xeon Platinum","-","-","0.35","168","2016","4032","6048","华南1（广州）"
"ecs.e-c1m1.xlarge","4核","4GiB","Intel Xeon Platinum","-","-","0.35","168","2016","4032","6048","华东2（上海）"
"ecs.e-c1m2.xlarge","4核","8GiB","Intel Xeon Platinum","-","-","0.6381","306.3","3675.6","7351.2","11026.8","亚太东南（雅加达）"
"ecs.e-c1m2.xlarge","4核","8GiB","Intel Xeon Platinum","-","-","0.6381","306.3","3675.6","7351.2","11026.8","亚太东南（柔佛）"
"ecs.e-c1m2.xlarge","4核","8GiB","Intel Xeon Platinum","-","-","0.4083","196","2352","4704","7056","华北2（北京）"
"ecs.e-c1m2.xlarge","4核","8GiB","Intel Xeon Platinum","-","-","0.4083","196","2352","4704","7056","华南1（广州）"
"ecs.e-c1m2.xlarge","4核","8GiB","Intel Xeon Platinum","-","-","0.4083","196","2352","4704","7056","华东2（上海）"
"ecs.e-c1m4.xlarge","4核","16GiB","Intel Xeon Platinum","-","-","0.9467","454.4","5452.8","10905.6","16358.4","亚太东南（雅加达）"
"ecs.e-c1m4.xlarge","4核","16GiB","Intel Xeon Platinum","-","-","0.9467","454.4","5452.8","10905.6","16358.4","亚太东南（柔佛）"
"ecs.e-c1m4.xlarge","4核","16GiB","Intel Xeon Platinum","-","-","0.6083","292","3504","7008","10512","华北2（北京）"
"ecs.e-c1m4.xlarge","4核","16GiB","Intel Xeon Platinum","-","-","0.6083","292","3504","7008","10512","华南1（广州）"
"ecs.e-c1m4.xlarge","4核","16GiB","Intel Xeon Platinum","-","-","0.6083","292","3504","7008","10512","华东2（上海）"
"ecs.e-c1m1.2xlarge","8核","8GiB","Intel Xeon Platinum","-","-","1.0958","526","6312","12624","18936","亚太东南（雅加达）"
"ecs.e-c1m1.2xlarge","8核","8GiB","Intel Xeon Platinum","-","-","1.0958","526","6312","12624","18936","亚太东南（柔佛）"
"ecs.e-c1m1.2xlarge","8核","8GiB","Intel Xeon Platinum","-","-","0.7","336","4032","8064","12096","华北2（北京）"
"ecs.e-c1m1.2xlarge","8核","8GiB","Intel Xeon Platinum","-","-","0.7","336","4032","8064","12096","华南1（广州）"
"ecs.e-c1m1.2xlarge","8核","8GiB","Intel Xeon Platinum","-","-","0.7","336","4032","8064","12096","华东2（上海）"
"ecs.e-c1m2.2xlarge","8核","16GiB","Intel Xeon Platinum","-","-","1.2763","612.6","7351.2","14702.4","22053.6","亚太东南（雅加达）"
"ecs.e-c1m2.2xlarge","8核","16GiB","Intel Xeon Platinum","-","-","1.2763","612.6","7351.2","14702.4","22053.6","亚太东南（柔佛）"
"ecs.e-c1m2.2xlarge","8核","16GiB","Intel Xeon Platinum","-","-","0.8167","392","4704","9408","14112","华北2（北京）"
"ecs.e-c1m2.2xlarge","8核","16GiB","Intel Xeon Platinum","-","-","0.8167","392","4704","9408","14112","华南1（广州）"
"ecs.e-c1m2.2xlarge","8核","16GiB","Intel Xeon Platinum","-","-","0.8167","392","4704","9408","14112","华东2（上海）"
"ecs.e-c1m4.2xlarge","8核","32GiB","Intel Xeon Platinum","-","-","1.8933","908.8","10905.6","21811.2","32716.8","亚太东南（雅加达）"
"ecs.e-c1m4.2xlarge","8核","32GiB","Intel Xeon Platinum","-","-","1.8933","908.8","10905.6","21811.2","32716.8","亚太东南（柔佛）"
"ecs.e-c1m4.2xlarge","8核","32GiB","Intel Xeon Platinum","-","-","1.2167","584","7008","14016","21024","华北2（北京）"
"ecs.e-c1m4.2xlarge","8核","32GiB","Intel Xeon Platinum","-","-","1.2167","584","7008","14016","21024","华南1（广州）"
"ecs.e-c1m4.2xlarge","8核","32GiB","Intel Xeon Platinum","-","-","1.2167","584","7008","14016","21024","华东2（上海）"
"ecs.g3ine.large","2核","8GiB","Intel Xeon(Sapphire Rapids) Platinum 8457C","-","-","0.65","312","3744","7488","11232","华北2（北京）"
"ecs.g3ine.large","2核","8GiB","Intel Xeon(Sapphire Rapids) Platinum 8457C","-","-","0.65","312","3744","7488","11232","华南1（广州）"
"ecs.g3ine.large","2核","8GiB","Intel Xeon(Sapphire Rapids) Platinum 8457C","-","-","0.65","312","3744","7488","11232","华东2（上海）"
"ecs.g3ine.xlarge","4核","16GiB","Intel Xeon(Sapphire Rapids) Platinum 8457C","-","-","1.3","624","7488","14976","22464","华北2（北京）"
"ecs.g3ine.xlarge","4核","16GiB","Intel Xeon(Sapphire Rapids) Platinum 8457C","-","-","1.3","624","7488","14976","22464","华南1（广州）"
"ecs.g3ine.xlarge","4核","16GiB","Intel Xeon(Sapphire Rapids) Platinum 8457C","-","-","1.3","624","7488","14976","22464","华东2（上海）"
"ecs.g3ine.2xlarge","8核","32GiB","Intel Xeon(Sapphire Rapids) Platinum 8457C","-","-","2.6","1248","14976","29952","44928","华北2（北京）"
"ecs.g3ine.2xlarge","8核","32GiB","Intel Xeon(Sapphire Rapids) Platinum 8457C","-","-","2.6","1248","14976","29952","44928","华南1（广州）"
"ecs.g3ine.2xlarge","8核","32GiB","Intel Xeon(Sapphire Rapids) Platinum 8457C","-","-","2.6","1248","14976","29952","44928","华东2（上海）"
"ecs.g3ine.4xlarge","16核","64GiB","Intel Xeon(Sapphire Rapids) Platinum 8457C","-","-","5.2","2496","29952","59904","89856","华北2（北京）"
"ecs.g3ine.4xlarge","16核","64GiB","Intel Xeon(Sapphire Rapids) Platinum 8457C","-","-","5.2","2496","29952","59904","89856","华南1（广州）"
"ecs.g3ine.4xlarge","16核","64GiB","Intel Xeon(Sapphire Rapids) Platinum 8457C","-","-","5.2","2496","29952","59904","89856","华东2（上海）"
"ecs.g3ine.8xlarge","32核","128GiB","Intel Xeon(Sapphire Rapids) Platinum 8457C","-","-","10.4","4992","59904","119808","179712","华北2（北京）"
"ecs.g3ine.8xlarge","32核","128GiB","Intel Xeon(Sapphire Rapids) Platinum 8457C","-","-","10.4","4992","59904","119808","179712","华南1（广州）"
"ecs.g3ine.8xlarge","32核","128GiB","Intel Xeon(Sapphire Rapids) Platinum 8457C","-","-","10.4","4992","59904","119808","179712","华东2（上海）"
"ecs.g3ine.12xlarge","48核","192GiB","Intel Xeon(Sapphire Rapids) Platinum 8457C","-","-","15.6","7488","89856","179712","269568","华北2（北京）"
"ecs.g3ine.12xlarge","48核","192GiB","Intel Xeon(Sapphire Rapids) Platinum 8457C","-","-","15.6","7488","89856","179712","269568","华南1（广州）"
"ecs.g3ine.12xlarge","48核","192GiB","Intel Xeon(Sapphire Rapids) Platinum 8457C","-","-","15.6","7488","89856","179712","269568","华东2（上海）"
"ecs.g3ine.16xlarge","64核","256GiB","Intel Xeon(Sapphire Rapids) Platinum 8457C","-","-","20.8","9984","119808","239616","359424","华北2（北京）"
"ecs.g3ine.16xlarge","64核","256GiB","Intel Xeon(Sapphire Rapids) Platinum 8457C","-","-","20.8","9984","119808","239616","359424","华南1（广州）"
"ecs.g3ine.16xlarge","64核","256GiB","Intel Xeon(Sapphire Rapids) Platinum 8457C","-","-","20.8","9984","119808","239616","359424","华东2（上海）"
"ecs.g3ine.24xlarge","96核","384GiB","Intel Xeon(Sapphire Rapids) Platinum 8457C","-","-","31.2","14976","179712","359424","539136","华北2（北京）"
"ecs.g3ine.24xlarge","96核","384GiB","Intel Xeon(Sapphire Rapids) Platinum 8457C","-","-","31.2","14976","179712","359424","539136","华南1（广州）"
"ecs.g3ine.24xlarge","96核","384GiB","Intel Xeon(Sapphire Rapids) Platinum 8457C","-","-","31.2","14976","179712","359424","539136","华东2（上海）"
"ecs.g4al.large","2核","8GiB","AMD EPYC(Turin) 9Y25","-","-","0.5042","242.01","2904.07","5808.13","8712.2","华北2（北京）"
"ecs.g4al.large","2核","8GiB","AMD EPYC(Turin) 9Y25","-","-","0.5042","242.01","2904.07","5808.13","8712.2","华南1（广州）"
"ecs.g4al.large","2核","8GiB","AMD EPYC(Turin) 9Y25","-","-","0.5042","242.01","2904.07","5808.13","8712.2","华东2（上海）"
"ecs.g4al.xlarge","4核","16GiB","AMD EPYC(Turin) 9Y25","-","-","1.0084","484.01","5808.14","11616.27","17424.41","华北2（北京）"
"ecs.g4al.xlarge","4核","16GiB","AMD EPYC(Turin) 9Y25","-","-","1.0084","484.01","5808.14","11616.27","17424.41","华南1（广州）"
"ecs.g4al.xlarge","4核","16GiB","AMD EPYC(Turin) 9Y25","-","-","1.0084","484.01","5808.14","11616.27","17424.41","华东2（上海）"
"ecs.g4al.2xlarge","8核","32GiB","AMD EPYC(Turin) 9Y25","-","-","2.0167","968.02","11616.27","23232.54","34848.81","华北2（北京）"
"ecs.g4al.2xlarge","8核","32GiB","AMD EPYC(Turin) 9Y25","-","-","2.0167","968.02","11616.27","23232.54","34848.81","华南1（广州）"
"ecs.g4al.2xlarge","8核","32GiB","AMD EPYC(Turin) 9Y25","-","-","2.0167","968.02","11616.27","23232.54","34848.81","华东2（上海）"
"ecs.g4al.4xlarge","16核","64GiB","AMD EPYC(Turin) 9Y25","-","-","4.0334","1936.05","23232.54","46465.08","69697.62","华北2（北京）"
"ecs.g4al.4xlarge","16核","64GiB","AMD EPYC(Turin) 9Y25","-","-","4.0334","1936.05","23232.54","46465.08","69697.62","华南1（广州）"
"ecs.g4al.4xlarge","16核","64GiB","AMD EPYC(Turin) 9Y25","-","-","4.0334","1936.05","23232.54","46465.08","69697.62","华东2（上海）"
"ecs.g4al.8xlarge","32核","128GiB","AMD EPYC(Turin) 9Y25","-","-","8.0669","3872.09","46465.08","92930.16","139395.24","华北2（北京）"
"ecs.g4al.8xlarge","32核","128GiB","AMD EPYC(Turin) 9Y25","-","-","8.0669","3872.09","46465.08","92930.16","139395.24","华南1（广州）"
"ecs.g4al.8xlarge","32核","128GiB","AMD EPYC(Turin) 9Y25","-","-","8.0669","3872.09","46465.08","92930.16","139395.24","华东2（上海）"
"ecs.g4al.12xlarge","48核","192GiB","AMD EPYC(Turin) 9Y25","-","-","12.1003","5808.14","69697.62","139395.24","209092.87","华北2（北京）"
"ecs.g4al.12xlarge","48核","192GiB","AMD EPYC(Turin) 9Y25","-","-","12.1003","5808.14","69697.62","139395.24","209092.87","华南1（广州）"
"ecs.g4al.12xlarge","48核","192GiB","AMD EPYC(Turin) 9Y25","-","-","12.1003","5808.14","69697.62","139395.24","209092.87","华东2（上海）"
"ecs.g4al.16xlarge","64核","256GiB","AMD EPYC(Turin) 9Y25","-","-","16.1337","7744.18","92930.16","185860.32","278790.49","华北2（北京）"
"ecs.g4al.16xlarge","64核","256GiB","AMD EPYC(Turin) 9Y25","-","-","16.1337","7744.18","92930.16","185860.32","278790.49","华南1（广州）"
"ecs.g4al.16xlarge","64核","256GiB","AMD EPYC(Turin) 9Y25","-","-","16.1337","7744.18","92930.16","185860.32","278790.49","华东2（上海）"
"ecs.g4al.24xlarge","96核","384GiB","AMD EPYC(Turin) 9Y25","-","-","24.2006","11616.27","139395.24","278790.49","418185.73","华北2（北京）"
"ecs.g4al.24xlarge","96核","384GiB","AMD EPYC(Turin) 9Y25","-","-","24.2006","11616.27","139395.24","278790.49","418185.73","华南1（广州）"
"ecs.g4al.24xlarge","96核","384GiB","AMD EPYC(Turin) 9Y25","-","-","24.2006","11616.27","139395.24","278790.49","418185.73","华东2（上海）"
"ecs.g4al.32xlarge","128核","512GiB","AMD EPYC(Turin) 9Y25","-","-","32.2674","15488.36","185860.32","371720.65","557580.97","华北2（北京）"
"ecs.g4al.32xlarge","128核","512GiB","AMD EPYC(Turin) 9Y25","-","-","32.2674","15488.36","185860.32","371720.65","557580.97","华南1（广州）"
"ecs.g4al.32xlarge","128核","512GiB","AMD EPYC(Turin) 9Y25","-","-","32.2674","15488.36","185860.32","371720.65","557580.97","华东2（上海）"
"ecs.g4al.48xlarge","192核","768GiB","AMD EPYC(Turin) 9Y25","-","-","48.4011","23232.54","278790.49","557580.98","836371.47","华北2（北京）"
"ecs.g4al.48xlarge","192核","768GiB","AMD EPYC(Turin) 9Y25","-","-","48.4011","23232.54","278790.49","557580.98","836371.47","华南1（广州）"
"ecs.g4al.48xlarge","192核","768GiB","AMD EPYC(Turin) 9Y25","-","-","48.4011","23232.54","278790.49","557580.98","836371.47","华东2（上海）"
"ecs.c4al.large","2核","4GiB","AMD EPYC(Turin) 9Y25","-","-","0.38","182.38","2188.57","4377.14","6565.71","华北2（北京）"
"ecs.c4al.large","2核","4GiB","AMD EPYC(Turin) 9Y25","-","-","0.38","182.38","2188.57","4377.14","6565.71","华南1（广州）"
"ecs.c4al.large","2核","4GiB","AMD EPYC(Turin) 9Y25","-","-","0.38","182.38","2188.57","4377.14","6565.71","华东2（上海）"
"ecs.c4al.xlarge","4核","8GiB","AMD EPYC(Turin) 9Y25","-","-","0.7599","364.76","4377.14","8754.28","13131.42","华北2（北京）"
"ecs.c4al.xlarge","4核","8GiB","AMD EPYC(Turin) 9Y25","-","-","0.7599","364.76","4377.14","8754.28","13131.42","华南1（广州）"
"ecs.c4al.xlarge","4核","8GiB","AMD EPYC(Turin) 9Y25","-","-","0.7599","364.76","4377.14","8754.28","13131.42","华东2（上海）"
"ecs.c4al.2xlarge","8核","16GiB","AMD EPYC(Turin) 9Y25","-","-","1.5198","729.52","8754.3","17508.6","26262.9","华北2（北京）"
"ecs.c4al.2xlarge","8核","16GiB","AMD EPYC(Turin) 9Y25","-","-","1.5198","729.52","8754.3","17508.6","26262.9","华南1（广州）"
"ecs.c4al.2xlarge","8核","16GiB","AMD EPYC(Turin) 9Y25","-","-","1.5198","729.52","8754.3","17508.6","26262.9","华东2（上海）"
"ecs.c4al.4xlarge","16核","32GiB","AMD EPYC(Turin) 9Y25","-","-","3.0397","1459.06","17508.66","35017.32","52525.98","华北2（北京）"
"ecs.c4al.4xlarge","16核","32GiB","AMD EPYC(Turin) 9Y25","-","-","3.0397","1459.06","17508.66","35017.32","52525.98","华南1（广州）"
"ecs.c4al.4xlarge","16核","32GiB","AMD EPYC(Turin) 9Y25","-","-","3.0397","1459.06","17508.66","35017.32","52525.98","华东2（上海）"
"ecs.c4al.8xlarge","32核","64GiB","AMD EPYC(Turin) 9Y25","-","-","6.0794","2918.1","35017.16","70034.33","105051.49","华北2（北京）"
"ecs.c4al.8xlarge","32核","64GiB","AMD EPYC(Turin) 9Y25","-","-","6.0794","2918.1","35017.16","70034.33","105051.49","华南1（广州）"
"ecs.c4al.8xlarge","32核","64GiB","AMD EPYC(Turin) 9Y25","-","-","6.0794","2918.1","35017.16","70034.33","105051.49","华东2（上海）"
"ecs.c4al.12xlarge","48核","96GiB","AMD EPYC(Turin) 9Y25","-","-","9.119","4377.14","52525.67","105051.34","157577","华北2（北京）"
"ecs.c4al.12xlarge","48核","96GiB","AMD EPYC(Turin) 9Y25","-","-","9.119","4377.14","52525.67","105051.34","157577","华南1（广州）"
"ecs.c4al.12xlarge","48核","96GiB","AMD EPYC(Turin) 9Y25","-","-","9.119","4377.14","52525.67","105051.34","157577","华东2（上海）"
"ecs.c4al.16xlarge","64核","128GiB","AMD EPYC(Turin) 9Y25","-","-","12.1587","5836.19","70034.33","140068.66","210102.98","华北2（北京）"
"ecs.c4al.16xlarge","64核","128GiB","AMD EPYC(Turin) 9Y25","-","-","12.1587","5836.19","70034.33","140068.66","210102.98","华南1（广州）"
"ecs.c4al.16xlarge","64核","128GiB","AMD EPYC(Turin) 9Y25","-","-","12.1587","5836.19","70034.33","140068.66","210102.98","华东2（上海）"
"ecs.c4al.24xlarge","96核","192GiB","AMD EPYC(Turin) 9Y25","-","-","18.2381","8754.28","105051.4","210102.8","315154.2","华北2（北京）"
"ecs.c4al.24xlarge","96核","192GiB","AMD EPYC(Turin) 9Y25","-","-","18.2381","8754.28","105051.4","210102.8","315154.2","华南1（广州）"
"ecs.c4al.24xlarge","96核","192GiB","AMD EPYC(Turin) 9Y25","-","-","18.2381","8754.28","105051.4","210102.8","315154.2","华东2（上海）"
"ecs.c4al.32xlarge","128核","256GiB","AMD EPYC(Turin) 9Y25","-","-","24.3175","11672.39","140068.66","280137.31","420205.97","华北2（北京）"
"ecs.c4al.32xlarge","128核","256GiB","AMD EPYC(Turin) 9Y25","-","-","24.3175","11672.39","140068.66","280137.31","420205.97","华南1（广州）"
"ecs.c4al.32xlarge","128核","256GiB","AMD EPYC(Turin) 9Y25","-","-","24.3175","11672.39","140068.66","280137.31","420205.97","华东2（上海）"
"ecs.c4al.48xlarge","192核","384GiB","AMD EPYC(Turin) 9Y25","-","-","36.4762","17508.58","210102.98","420205.97","630308.95","华北2（北京）"
"ecs.c4al.48xlarge","192核","384GiB","AMD EPYC(Turin) 9Y25","-","-","36.4762","17508.58","210102.98","420205.97","630308.95","华南1（广州）"
"ecs.c4al.48xlarge","192核","384GiB","AMD EPYC(Turin) 9Y25","-","-","36.4762","17508.58","210102.98","420205.97","630308.95","华东2（上海）"
"ecs.d3s.3xlarge","10核","40GiB","Intel Xeon(Sapphire Rapids) Platinum 8457C","-","-","5.9955","2925.82","35109.82","70219.64","105329.46","华北2（北京）"
"ecs.d3s.5xlarge","20核","80GiB","Intel Xeon(Sapphire Rapids) Platinum 8457C","-","-","11.9911","5851.64","70219.64","140439.27","210658.91","华北2（北京）"
"ecs.d3s.10xlarge","40核","160GiB","Intel Xeon(Sapphire Rapids) Platinum 8457C","-","-","23.9821","11703.27","140439.27","280878.54","421317.82","华北2（北京）"
"ecs.d3s.20xlarge","80核","320GiB","Intel Xeon(Sapphire Rapids) Platinum 8457C","-","-","47.9642","23406.55","280878.55","561757.09","842635.64","华北2（北京）"
"ecs.g4il.large","2核","8GiB","Intel Xeon(Granite Rapids) 6986P-C","-","-","0.4734","231","2772","5544","8316","华东2（上海）"
"ecs.g4il.large","2核","8GiB","Intel Xeon(Granite Rapids) 6986P-C","-","-","0.4734","231","2772","5544","8316","华南1（广州）"
"ecs.g4il.large","2核","8GiB","Intel Xeon(Granite Rapids) 6986P-C","-","-","0.4734","231","2772","5544","8316","华北2（北京）"
"ecs.g4il.xlarge","4核","16GiB","Intel Xeon(Granite Rapids) 6986P-C","-","-","0.9468","462","5544","11088","16632","华东2（上海）"
"ecs.g4il.xlarge","4核","16GiB","Intel Xeon(Granite Rapids) 6986P-C","-","-","0.9468","462","5544","11088","16632","华南1（广州）"
"ecs.g4il.xlarge","4核","16GiB","Intel Xeon(Granite Rapids) 6986P-C","-","-","0.9468","462","5544","11088","16632","华北2（北京）"
"ecs.g4il.2xlarge","8核","32GiB","Intel Xeon(Granite Rapids) 6986P-C","-","-","1.8935","924","11088","22176","33264","华东2（上海）"
"ecs.g4il.2xlarge","8核","32GiB","Intel Xeon(Granite Rapids) 6986P-C","-","-","1.8935","924","11088","22176","33264","华南1（广州）"
"ecs.g4il.2xlarge","8核","32GiB","Intel Xeon(Granite Rapids) 6986P-C","-","-","1.8935","924","11088","22176","33264","华北2（北京）"
"ecs.g4il.4xlarge","16核","64GiB","Intel Xeon(Granite Rapids) 6986P-C","-","-","3.7869","1848","22176","44352","66528","华东2（上海）"
"ecs.g4il.4xlarge","16核","64GiB","Intel Xeon(Granite Rapids) 6986P-C","-","-","3.7869","1848","22176","44352","66528","华南1（广州）"
"ecs.g4il.4xlarge","16核","64GiB","Intel Xeon(Granite Rapids) 6986P-C","-","-","3.7869","1848","22176","44352","66528","华北2（北京）"
"ecs.g4il.8xlarge","32核","128GiB","Intel Xeon(Granite Rapids) 6986P-C","-","-","7.5738","3696","44352","88704","133056","华东2（上海）"
"ecs.g4il.8xlarge","32核","128GiB","Intel Xeon(Granite Rapids) 6986P-C","-","-","7.5738","3696","44352","88704","133056","华南1（广州）"
"ecs.g4il.8xlarge","32核","128GiB","Intel Xeon(Granite Rapids) 6986P-C","-","-","7.5738","3696","44352","88704","133056","华北2（北京）"
"ecs.g4il.12xlarge","48核","192GiB","Intel Xeon(Granite Rapids) 6986P-C","-","-","11.3607","5544","66528","133056","199584","华东2（上海）"
"ecs.g4il.12xlarge","48核","192GiB","Intel Xeon(Granite Rapids) 6986P-C","-","-","11.3607","5544","66528","133056","199584","华南1（广州）"
"ecs.g4il.12xlarge","48核","192GiB","Intel Xeon(Granite Rapids) 6986P-C","-","-","11.3607","5544","66528","133056","199584","华北2（北京）"
"ecs.g4il.16xlarge","64核","256GiB","Intel Xeon(Granite Rapids) 6986P-C","-","-","15.1476","7392","88704","177408","266112","华东2（上海）"
"ecs.g4il.16xlarge","64核","256GiB","Intel Xeon(Granite Rapids) 6986P-C","-","-","15.1476","7392","88704","177408","266112","华南1（广州）"
"ecs.g4il.16xlarge","64核","256GiB","Intel Xeon(Granite Rapids) 6986P-C","-","-","15.1476","7392","88704","177408","266112","华北2（北京）"
"ecs.g4il.20xlarge","80核","350GiB","Intel Xeon(Granite Rapids) 6986P-C","-","-","19.8812","9702","116424","232848","349272","华东2（上海）"
"ecs.g4il.20xlarge","80核","350GiB","Intel Xeon(Granite Rapids) 6986P-C","-","-","19.8812","9702","116424","232848","349272","华南1（广州）"
"ecs.g4il.20xlarge","80核","350GiB","Intel Xeon(Granite Rapids) 6986P-C","-","-","19.8812","9702","116424","232848","349272","华北2（北京）"
"ecs.g4il.40xlarge","160核","700GiB","Intel Xeon(Granite Rapids) 6986P-C","-","-","39.7623","19404","232848","465696","698544","华东2（上海）"
"ecs.g4il.40xlarge","160核","700GiB","Intel Xeon(Granite Rapids) 6986P-C","-","-","39.7623","19404","232848","465696","698544","华南1（广州）"
"ecs.g4il.40xlarge","160核","700GiB","Intel Xeon(Granite Rapids) 6986P-C","-","-","39.7623","19404","232848","465696","698544","华北2（北京）"
"ecs.c4il.large","2核","4GiB","Intel Xeon(Granite Rapids) 6986P-C","-","-","0.3689","180","2160","4320","6480","华北2（北京）"
"ecs.c4il.large","2核","4GiB","Intel Xeon(Granite Rapids) 6986P-C","-","-","0.3689","180","2160","4320","6480","华南1（广州）"
"ecs.c4il.large","2核","4GiB","Intel Xeon(Granite Rapids) 6986P-C","-","-","0.3689","180","2160","4320","6480","华东2（上海）"
"ecs.c4il.xlarge","4核","8GiB","Intel Xeon(Granite Rapids) 6986P-C","-","-","0.7378","360","4320","8640","12960","华北2（北京）"
"ecs.c4il.xlarge","4核","8GiB","Intel Xeon(Granite Rapids) 6986P-C","-","-","0.7378","360","4320","8640","12960","华南1（广州）"
"ecs.c4il.xlarge","4核","8GiB","Intel Xeon(Granite Rapids) 6986P-C","-","-","0.7378","360","4320","8640","12960","华东2（上海）"
"ecs.c4il.2xlarge","8核","16GiB","Intel Xeon(Granite Rapids) 6986P-C","-","-","1.4755","720","8640","17280","25920","华北2（北京）"
"ecs.c4il.2xlarge","8核","16GiB","Intel Xeon(Granite Rapids) 6986P-C","-","-","1.4755","720","8640","17280","25920","华南1（广州）"
"ecs.c4il.2xlarge","8核","16GiB","Intel Xeon(Granite Rapids) 6986P-C","-","-","1.4755","720","8640","17280","25920","华东2（上海）"
"ecs.c4il.4xlarge","16核","32GiB","Intel Xeon(Granite Rapids) 6986P-C","-","-","2.9509","1440","17280","34560","51840","华北2（北京）"
"ecs.c4il.4xlarge","16核","32GiB","Intel Xeon(Granite Rapids) 6986P-C","-","-","2.9509","1440","17280","34560","51840","华南1（广州）"
"ecs.c4il.4xlarge","16核","32GiB","Intel Xeon(Granite Rapids) 6986P-C","-","-","2.9509","1440","17280","34560","51840","华东2（上海）"
"ecs.c4il.8xlarge","32核","64GiB","Intel Xeon(Granite Rapids) 6986P-C","-","-","5.9017","2880","34560","69120","103680","华北2（北京）"
"ecs.c4il.8xlarge","32核","64GiB","Intel Xeon(Granite Rapids) 6986P-C","-","-","5.9017","2880","34560","69120","103680","华南1（广州）"
"ecs.c4il.8xlarge","32核","64GiB","Intel Xeon(Granite Rapids) 6986P-C","-","-","5.9017","2880","34560","69120","103680","华东2（上海）"
"ecs.c4il.12xlarge","48核","96GiB","Intel Xeon(Granite Rapids) 6986P-C","-","-","8.8525","4320","51840","103680","155520","华北2（北京）"
"ecs.c4il.12xlarge","48核","96GiB","Intel Xeon(Granite Rapids) 6986P-C","-","-","8.8525","4320","51840","103680","155520","华南1（广州）"
"ecs.c4il.12xlarge","48核","96GiB","Intel Xeon(Granite Rapids) 6986P-C","-","-","8.8525","4320","51840","103680","155520","华东2（上海）"
"ecs.c4il.16xlarge","64核","128GiB","Intel Xeon(Granite Rapids) 6986P-C","-","-","11.8033","5760","69120","138240","207360","华北2（北京）"
"ecs.c4il.16xlarge","64核","128GiB","Intel Xeon(Granite Rapids) 6986P-C","-","-","11.8033","5760","69120","138240","207360","华南1（广州）"
"ecs.c4il.16xlarge","64核","128GiB","Intel Xeon(Granite Rapids) 6986P-C","-","-","11.8033","5760","69120","138240","207360","华东2（上海）"
"ecs.c4il.20xlarge","80核","160GiB","Intel Xeon(Granite Rapids) 6986P-C","-","-","14.7541","7200","86400","172800","259200","华北2（北京）"
"ecs.c4il.20xlarge","80核","160GiB","Intel Xeon(Granite Rapids) 6986P-C","-","-","14.7541","7200","86400","172800","259200","华南1（广州）"
"ecs.c4il.20xlarge","80核","160GiB","Intel Xeon(Granite Rapids) 6986P-C","-","-","14.7541","7200","86400","172800","259200","华东2（上海）"
"ecs.c4il.40xlarge","160核","320GiB","Intel Xeon(Granite Rapids) 6986P-C","-","-","29.5082","14400","172800","345600","518400","华北2（北京）"
"ecs.c4il.40xlarge","160核","320GiB","Intel Xeon(Granite Rapids) 6986P-C","-","-","29.5082","14400","172800","345600","518400","华南1（广州）"
"ecs.c4il.40xlarge","160核","320GiB","Intel Xeon(Granite Rapids) 6986P-C","-","-","29.5082","14400","172800","345600","518400","华东2（上海）"
"ecs.r4il.large","2核","16GiB","Intel Xeon(Granite Rapids) 6986P-C","-","-","0.6291","307","3684","7368","11052","华东2（上海）"
"ecs.r4il.large","2核","16GiB","Intel Xeon(Granite Rapids) 6986P-C","-","-","0.6291","307","3684","7368","11052","华南1（广州）"
"ecs.r4il.large","2核","16GiB","Intel Xeon(Granite Rapids) 6986P-C","-","-","0.6291","307","3684","7368","11052","华北2（北京）"
"ecs.r4il.xlarge","4核","32GiB","Intel Xeon(Granite Rapids) 6986P-C","-","-","1.2582","614","7368","14736","22104","华东2（上海）"
"ecs.r4il.xlarge","4核","32GiB","Intel Xeon(Granite Rapids) 6986P-C","-","-","1.2582","614","7368","14736","22104","华南1（广州）"
"ecs.r4il.xlarge","4核","32GiB","Intel Xeon(Granite Rapids) 6986P-C","-","-","1.2582","614","7368","14736","22104","华北2（北京）"
"ecs.r4il.2xlarge","8核","64GiB","Intel Xeon(Granite Rapids) 6986P-C","-","-","2.5164","1228","14736","29472","44208","华东2（上海）"
"ecs.r4il.2xlarge","8核","64GiB","Intel Xeon(Granite Rapids) 6986P-C","-","-","2.5164","1228","14736","29472","44208","华南1（广州）"
"ecs.r4il.2xlarge","8核","64GiB","Intel Xeon(Granite Rapids) 6986P-C","-","-","2.5164","1228","14736","29472","44208","华北2（北京）"
"ecs.r4il.4xlarge","16核","128GiB","Intel Xeon(Granite Rapids) 6986P-C","-","-","5.0328","2456","29472","58944","88416","华东2（上海）"
"ecs.r4il.4xlarge","16核","128GiB","Intel Xeon(Granite Rapids) 6986P-C","-","-","5.0328","2456","29472","58944","88416","华南1（广州）"
"ecs.r4il.4xlarge","16核","128GiB","Intel Xeon(Granite Rapids) 6986P-C","-","-","5.0328","2456","29472","58944","88416","华北2（北京）"
"ecs.r4il.8xlarge","32核","256GiB","Intel Xeon(Granite Rapids) 6986P-C","-","-","10.0656","4912","58944","117888","176832","华东2（上海）"
"ecs.r4il.8xlarge","32核","256GiB","Intel Xeon(Granite Rapids) 6986P-C","-","-","10.0656","4912","58944","117888","176832","华南1（广州）"
"ecs.r4il.8xlarge","32核","256GiB","Intel Xeon(Granite Rapids) 6986P-C","-","-","10.0656","4912","58944","117888","176832","华北2（北京）"
"ecs.g4i.large","2核","8GiB","Intel Xeon(Granite Rapids) 6986P-C","-","-","0.4591","224","2688","5376","8064","华北2（北京）"
"ecs.g4i.large","2核","8GiB","Intel Xeon(Granite Rapids) 6986P-C","-","-","0.4591","224","2688","5376","8064","华南1（广州）"
"ecs.g4i.large","2核","8GiB","Intel Xeon(Granite Rapids) 6986P-C","-","-","0.4591","224","2688","5376","8064","华东2（上海）"
"ecs.g4i.large","2核","8GiB","Intel Xeon(Granite Rapids) 6986P-C","-","-","0.5122","300","3600","7200","10800","亚太东南（柔佛）"
"ecs.g4i.large","2核","8GiB","Intel Xeon(Granite Rapids) 6986P-C","-","-","0.6754","397","4764","9528","14292","亚太东南（雅加达）"
"ecs.g4i.large","2核","8GiB","Intel Xeon(Granite Rapids) 6986P-C","-","-","0.743","432","5184","10368","15552","中国香港"
"ecs.g4i.xlarge","4核","16GiB","Intel Xeon(Granite Rapids) 6986P-C","-","-","0.9181","448","5376","10752","16128","华北2（北京）"
"ecs.g4i.xlarge","4核","16GiB","Intel Xeon(Granite Rapids) 6986P-C","-","-","0.9181","448","5376","10752","16128","华南1（广州）"
"ecs.g4i.xlarge","4核","16GiB","Intel Xeon(Granite Rapids) 6986P-C","-","-","0.9181","448","5376","10752","16128","华东2（上海）"
"ecs.g4i.xlarge","4核","16GiB","Intel Xeon(Granite Rapids) 6986P-C","-","-","1.0244","600","7200","14400","21600","亚太东南（柔佛）"
"ecs.g4i.xlarge","4核","16GiB","Intel Xeon(Granite Rapids) 6986P-C","-","-","1.3508","794","9528","19056","28584","亚太东南（雅加达）"
"ecs.g4i.xlarge","4核","16GiB","Intel Xeon(Granite Rapids) 6986P-C","-","-","1.486","864","10368","20736","31104","中国香港"
"ecs.g4i.2xlarge","8核","32GiB","Intel Xeon(Granite Rapids) 6986P-C","-","-","1.8361","896","10752","21504","32256","华北2（北京）"
"ecs.g4i.2xlarge","8核","32GiB","Intel Xeon(Granite Rapids) 6986P-C","-","-","1.8361","896","10752","21504","32256","华南1（广州）"
"ecs.g4i.2xlarge","8核","32GiB","Intel Xeon(Granite Rapids) 6986P-C","-","-","1.8361","896","10752","21504","32256","华东2（上海）"
"ecs.g4i.2xlarge","8核","32GiB","Intel Xeon(Granite Rapids) 6986P-C","-","-","2.0488","1200","14400","28800","43200","亚太东南（柔佛）"
"ecs.g4i.2xlarge","8核","32GiB","Intel Xeon(Granite Rapids) 6986P-C","-","-","2.7016","1588","19056","38112","57168","亚太东南（雅加达）"
"ecs.g4i.2xlarge","8核","32GiB","Intel Xeon(Granite Rapids) 6986P-C","-","-","2.972","1728","20736","41472","62208","中国香港"
"ecs.g4i.4xlarge","16核","64GiB","Intel Xeon(Granite Rapids) 6986P-C","-","-","3.6722","1792","21504","43008","64512","华北2（北京）"
"ecs.g4i.4xlarge","16核","64GiB","Intel Xeon(Granite Rapids) 6986P-C","-","-","3.6722","1792","21504","43008","64512","华南1（广州）"
"ecs.g4i.4xlarge","16核","64GiB","Intel Xeon(Granite Rapids) 6986P-C","-","-","3.6722","1792","21504","43008","64512","华东2（上海）"
"ecs.g4i.4xlarge","16核","64GiB","Intel Xeon(Granite Rapids) 6986P-C","-","-","4.0976","2400","28800","57600","86400","亚太东南（柔佛）"
"ecs.g4i.4xlarge","16核","64GiB","Intel Xeon(Granite Rapids) 6986P-C","-","-","5.4032","3176","38112","76224","114336","亚太东南（雅加达）"
"ecs.g4i.4xlarge","16核","64GiB","Intel Xeon(Granite Rapids) 6986P-C","-","-","5.944","3456","41472","82944","124416","中国香港"
"ecs.g4i.8xlarge","32核","128GiB","Intel Xeon(Granite Rapids) 6986P-C","-","-","7.3443","3584","43008","86016","129024","华北2（北京）"
"ecs.g4i.8xlarge","32核","128GiB","Intel Xeon(Granite Rapids) 6986P-C","-","-","7.3443","3584","43008","86016","129024","华南1（广州）"
"ecs.g4i.8xlarge","32核","128GiB","Intel Xeon(Granite Rapids) 6986P-C","-","-","7.3443","3584","43008","86016","129024","华东2（上海）"
"ecs.g4i.8xlarge","32核","128GiB","Intel Xeon(Granite Rapids) 6986P-C","-","-","8.1952","4800","57600","115200","172800","亚太东南（柔佛）"
"ecs.g4i.8xlarge","32核","128GiB","Intel Xeon(Granite Rapids) 6986P-C","-","-","10.8064","6352","76224","152448","228672","亚太东南（雅加达）"
"ecs.g4i.8xlarge","32核","128GiB","Intel Xeon(Granite Rapids) 6986P-C","-","-","11.888","6912","82944","165888","248832","中国香港"
"ecs.g4i.12xlarge","48核","192GiB","Intel Xeon(Granite Rapids) 6986P-C","-","-","11.0164","5376","64512","129024","193536","华北2（北京）"
"ecs.g4i.12xlarge","48核","192GiB","Intel Xeon(Granite Rapids) 6986P-C","-","-","11.0164","5376","64512","129024","193536","华南1（广州）"
"ecs.g4i.12xlarge","48核","192GiB","Intel Xeon(Granite Rapids) 6986P-C","-","-","11.0164","5376","64512","129024","193536","华东2（上海）"
"ecs.g4i.12xlarge","48核","192GiB","Intel Xeon(Granite Rapids) 6986P-C","-","-","12.2928","7200","86400","172800","259200","亚太东南（柔佛）"
"ecs.g4i.12xlarge","48核","192GiB","Intel Xeon(Granite Rapids) 6986P-C","-","-","16.2096","9528","114336","228672","343008","亚太东南（雅加达）"
"ecs.g4i.12xlarge","48核","192GiB","Intel Xeon(Granite Rapids) 6986P-C","-","-","17.832","10368","124416","248832","373248","中国香港"
"ecs.g4i.16xlarge","64核","256GiB","Intel Xeon(Granite Rapids) 6986P-C","-","-","14.6886","7168","86016","172032","258048","华北2（北京）"
"ecs.g4i.16xlarge","64核","256GiB","Intel Xeon(Granite Rapids) 6986P-C","-","-","14.6886","7168","86016","172032","258048","华南1（广州）"
"ecs.g4i.16xlarge","64核","256GiB","Intel Xeon(Granite Rapids) 6986P-C","-","-","14.6886","7168","86016","172032","258048","华东2（上海）"
"ecs.g4i.16xlarge","64核","256GiB","Intel Xeon(Granite Rapids) 6986P-C","-","-","16.3904","9600","115200","230400","345600","亚太东南（柔佛）"
"ecs.g4i.16xlarge","64核","256GiB","Intel Xeon(Granite Rapids) 6986P-C","-","-","21.6128","12704","152448","304896","457344","亚太东南（雅加达）"
"ecs.g4i.16xlarge","64核","256GiB","Intel Xeon(Granite Rapids) 6986P-C","-","-","23.776","13824","165888","331776","497664","中国香港"
"ecs.g4i.20xlarge","80核","384GiB","Intel Xeon(Granite Rapids) 6986P-C","-","-","20.2193","9867","118404","236808","355212","华北2（北京）"
"ecs.g4i.20xlarge","80核","384GiB","Intel Xeon(Granite Rapids) 6986P-C","-","-","20.2193","9867","118404","236808","355212","华南1（广州）"
"ecs.g4i.20xlarge","80核","384GiB","Intel Xeon(Granite Rapids) 6986P-C","-","-","20.2193","9867","118404","236808","355212","华东2（上海）"
"ecs.g4i.20xlarge","80核","384GiB","Intel Xeon(Granite Rapids) 6986P-C","-","-","22.5638","13216","158592","317184","475776","亚太东南（柔佛）"
"ecs.g4i.20xlarge","80核","384GiB","Intel Xeon(Granite Rapids) 6986P-C","-","-","29.7532","17489","209868","419736","629604","亚太东南（雅加达）"
"ecs.g4i.20xlarge","80核","384GiB","Intel Xeon(Granite Rapids) 6986P-C","-","-","32.7316","19031","228372","456744","685116","中国香港"
"ecs.g4i.40xlarge","160核","768GiB","Intel Xeon(Granite Rapids) 6986P-C","-","-","40.4386","19734","236808","473616","710424","华北2（北京）"
"ecs.g4i.40xlarge","160核","768GiB","Intel Xeon(Granite Rapids) 6986P-C","-","-","40.4386","19734","236808","473616","710424","华南1（广州）"
"ecs.g4i.40xlarge","160核","768GiB","Intel Xeon(Granite Rapids) 6986P-C","-","-","40.4386","19734","236808","473616","710424","华东2（上海）"
"ecs.g4i.40xlarge","160核","768GiB","Intel Xeon(Granite Rapids) 6986P-C","-","-","45.1276","26432","317184","634368","951552","亚太东南（柔佛）"
"ecs.g4i.40xlarge","160核","768GiB","Intel Xeon(Granite Rapids) 6986P-C","-","-","59.5064","34978","419736","839472","1259208","亚太东南（雅加达）"
"ecs.g4i.40xlarge","160核","768GiB","Intel Xeon(Granite Rapids) 6986P-C","-","-","65.4632","38062","456744","913488","1370232","中国香港"
"ecs.g4i.60xlarge","240核","1152GiB","Intel Xeon(Granite Rapids) 6986P-C","-","-","60.6578","29601","355212","710424","1065636","华北2（北京）"
"ecs.g4i.60xlarge","240核","1152GiB","Intel Xeon(Granite Rapids) 6986P-C","-","-","60.6578","29601","355212","710424","1065636","华南1（广州）"
"ecs.g4i.60xlarge","240核","1152GiB","Intel Xeon(Granite Rapids) 6986P-C","-","-","60.6578","29601","355212","710424","1065636","华东2（上海）"
"ecs.g4i.60xlarge","240核","1152GiB","Intel Xeon(Granite Rapids) 6986P-C","-","-","67.6914","39648","475776","951552","1427328","亚太东南（柔佛）"
"ecs.g4i.60xlarge","240核","1152GiB","Intel Xeon(Granite Rapids) 6986P-C","-","-","89.2596","52467","629604","1259208","1888812","亚太东南（雅加达）"
"ecs.g4i.60xlarge","240核","1152GiB","Intel Xeon(Granite Rapids) 6986P-C","-","-","98.1948","57093","685116","1370232","2055348","中国香港"
"ecs.c4i.large","2核","4GiB","Intel Xeon(Granite Rapids) 6986P-C","-","-","0.6079","341","4092","8184","12276","中国香港"
"ecs.c4i.large","2核","4GiB","Intel Xeon(Granite Rapids) 6986P-C","-","-","0.5516","308","3696","7392","11088","亚太东南（雅加达）"
"ecs.c4i.large","2核","4GiB","Intel Xeon(Granite Rapids) 6986P-C","-","-","0.4168","232","2784","5568","8352","亚太东南（柔佛）"
"ecs.c4i.large","2核","4GiB","Intel Xeon(Granite Rapids) 6986P-C","-","-","0.3566","174","2088","4176","6264","华东2（上海）"
"ecs.c4i.large","2核","4GiB","Intel Xeon(Granite Rapids) 6986P-C","-","-","0.3566","174","2088","4176","6264","华南1（广州）"
"ecs.c4i.large","2核","4GiB","Intel Xeon(Granite Rapids) 6986P-C","-","-","0.3566","174","2088","4176","6264","华北2（北京）"
"ecs.c4i.xlarge","4核","8GiB","Intel Xeon(Granite Rapids) 6986P-C","-","-","1.2158","682","8184","16368","24552","中国香港"
"ecs.c4i.xlarge","4核","8GiB","Intel Xeon(Granite Rapids) 6986P-C","-","-","1.1032","616","7392","14784","22176","亚太东南（雅加达）"
"ecs.c4i.xlarge","4核","8GiB","Intel Xeon(Granite Rapids) 6986P-C","-","-","0.8336","464","5568","11136","16704","亚太东南（柔佛）"
"ecs.c4i.xlarge","4核","8GiB","Intel Xeon(Granite Rapids) 6986P-C","-","-","0.7132","348","4176","8352","12528","华东2（上海）"
"ecs.c4i.xlarge","4核","8GiB","Intel Xeon(Granite Rapids) 6986P-C","-","-","0.7132","348","4176","8352","12528","华南1（广州）"
"ecs.c4i.xlarge","4核","8GiB","Intel Xeon(Granite Rapids) 6986P-C","-","-","0.7132","348","4176","8352","12528","华北2（北京）"
"ecs.c4i.2xlarge","8核","16GiB","Intel Xeon(Granite Rapids) 6986P-C","-","-","2.4316","1364","16368","32736","49104","中国香港"
"ecs.c4i.2xlarge","8核","16GiB","Intel Xeon(Granite Rapids) 6986P-C","-","-","2.2064","1232","14784","29568","44352","亚太东南（雅加达）"
"ecs.c4i.2xlarge","8核","16GiB","Intel Xeon(Granite Rapids) 6986P-C","-","-","1.6672","928","11136","22272","33408","亚太东南（柔佛）"
"ecs.c4i.2xlarge","8核","16GiB","Intel Xeon(Granite Rapids) 6986P-C","-","-","1.4263","696","8352","16704","25056","华东2（上海）"
"ecs.c4i.2xlarge","8核","16GiB","Intel Xeon(Granite Rapids) 6986P-C","-","-","1.4263","696","8352","16704","25056","华南1（广州）"
"ecs.c4i.2xlarge","8核","16GiB","Intel Xeon(Granite Rapids) 6986P-C","-","-","1.4263","696","8352","16704","25056","华北2（北京）"
"ecs.c4i.4xlarge","16核","32GiB","Intel Xeon(Granite Rapids) 6986P-C","-","-","4.8632","2728","32736","65472","98208","中国香港"
"ecs.c4i.4xlarge","16核","32GiB","Intel Xeon(Granite Rapids) 6986P-C","-","-","4.4128","2464","29568","59136","88704","亚太东南（雅加达）"
"ecs.c4i.4xlarge","16核","32GiB","Intel Xeon(Granite Rapids) 6986P-C","-","-","3.3344","1856","22272","44544","66816","亚太东南（柔佛）"
"ecs.c4i.4xlarge","16核","32GiB","Intel Xeon(Granite Rapids) 6986P-C","-","-","2.8525","1392","16704","33408","50112","华东2（上海）"
"ecs.c4i.4xlarge","16核","32GiB","Intel Xeon(Granite Rapids) 6986P-C","-","-","2.8525","1392","16704","33408","50112","华南1（广州）"
"ecs.c4i.4xlarge","16核","32GiB","Intel Xeon(Granite Rapids) 6986P-C","-","-","2.8525","1392","16704","33408","50112","华北2（北京）"
"ecs.c4i.8xlarge","32核","64GiB","Intel Xeon(Granite Rapids) 6986P-C","-","-","9.7264","5456","65472","130944","196416","中国香港"
"ecs.c4i.8xlarge","32核","64GiB","Intel Xeon(Granite Rapids) 6986P-C","-","-","8.8256","4928","59136","118272","177408","亚太东南（雅加达）"
"ecs.c4i.8xlarge","32核","64GiB","Intel Xeon(Granite Rapids) 6986P-C","-","-","6.6688","3712","44544","89088","133632","亚太东南（柔佛）"
"ecs.c4i.8xlarge","32核","64GiB","Intel Xeon(Granite Rapids) 6986P-C","-","-","5.705","2784","33408","66816","100224","华东2（上海）"
"ecs.c4i.8xlarge","32核","64GiB","Intel Xeon(Granite Rapids) 6986P-C","-","-","5.705","2784","33408","66816","100224","华南1（广州）"
"ecs.c4i.8xlarge","32核","64GiB","Intel Xeon(Granite Rapids) 6986P-C","-","-","5.705","2784","33408","66816","100224","华北2（北京）"
"ecs.c4i.12xlarge","48核","96GiB","Intel Xeon(Granite Rapids) 6986P-C","-","-","8.5574","4176","50112","100224","150336","华东2（上海）"
"ecs.c4i.12xlarge","48核","96GiB","Intel Xeon(Granite Rapids) 6986P-C","-","-","8.5574","4176","50112","100224","150336","华南1（广州）"
"ecs.c4i.12xlarge","48核","96GiB","Intel Xeon(Granite Rapids) 6986P-C","-","-","8.5574","4176","50112","100224","150336","华北2（北京）"
"ecs.c4i.16xlarge","64核","128GiB","Intel Xeon(Granite Rapids) 6986P-C","-","-","11.4099","5568","66816","133632","200448","华东2（上海）"
"ecs.c4i.16xlarge","64核","128GiB","Intel Xeon(Granite Rapids) 6986P-C","-","-","11.4099","5568","66816","133632","200448","华南1（广州）"
"ecs.c4i.16xlarge","64核","128GiB","Intel Xeon(Granite Rapids) 6986P-C","-","-","11.4099","5568","66816","133632","200448","华北2（北京）"
"ecs.c4i.20xlarge","80核","192GiB","Intel Xeon(Granite Rapids) 6986P-C","-","-","15.3238","7478","89736","179472","269208","华东2（上海）"
"ecs.c4i.20xlarge","80核","192GiB","Intel Xeon(Granite Rapids) 6986P-C","-","-","15.3238","7478","89736","179472","269208","华南1（广州）"
"ecs.c4i.20xlarge","80核","192GiB","Intel Xeon(Granite Rapids) 6986P-C","-","-","15.3238","7478","89736","179472","269208","华北2（北京）"
"ecs.c4i.40xlarge","160核","384GiB","Intel Xeon(Granite Rapids) 6986P-C","-","-","30.6476","14956","179472","358944","538416","华东2（上海）"
"ecs.c4i.40xlarge","160核","384GiB","Intel Xeon(Granite Rapids) 6986P-C","-","-","30.6476","14956","179472","358944","538416","华南1（广州）"
"ecs.c4i.40xlarge","160核","384GiB","Intel Xeon(Granite Rapids) 6986P-C","-","-","30.6476","14956","179472","358944","538416","华北2（北京）"
"ecs.c4i.60xlarge","240核","576GiB","Intel Xeon(Granite Rapids) 6986P-C","-","-","45.9714","22434","269208","538416","807624","华东2（上海）"
"ecs.c4i.60xlarge","240核","576GiB","Intel Xeon(Granite Rapids) 6986P-C","-","-","45.9714","22434","269208","538416","807624","华南1（广州）"
"ecs.c4i.60xlarge","240核","576GiB","Intel Xeon(Granite Rapids) 6986P-C","-","-","45.9714","22434","269208","538416","807624","华北2（北京）"
"ecs.r4i.large","2核","16GiB","Intel Xeon(Granite Rapids) 6986P-C","-","-","0.6107","298","3576","7152","10728","华北2（北京）"
"ecs.r4i.large","2核","16GiB","Intel Xeon(Granite Rapids) 6986P-C","-","-","0.6107","298","3576","7152","10728","华南1（广州）"
"ecs.r4i.large","2核","16GiB","Intel Xeon(Granite Rapids) 6986P-C","-","-","0.6107","298","3576","7152","10728","华东2（上海）"
"ecs.r4i.large","2核","16GiB","Intel Xeon(Granite Rapids) 6986P-C","-","-","0.6458","368","4416","8832","13248","亚太东南（柔佛）"
"ecs.r4i.large","2核","16GiB","Intel Xeon(Granite Rapids) 6986P-C","-","-","0.8556","488","5856","11712","17568","亚太东南（雅加达）"
"ecs.r4i.large","2核","16GiB","Intel Xeon(Granite Rapids) 6986P-C","-","-","0.94","534","6408","12816","19224","中国香港"
"ecs.r4i.xlarge","4核","32GiB","Intel Xeon(Granite Rapids) 6986P-C","-","-","1.2214","596","7152","14304","21456","华北2（北京）"
"ecs.r4i.xlarge","4核","32GiB","Intel Xeon(Granite Rapids) 6986P-C","-","-","1.2214","596","7152","14304","21456","华南1（广州）"
"ecs.r4i.xlarge","4核","32GiB","Intel Xeon(Granite Rapids) 6986P-C","-","-","1.2214","596","7152","14304","21456","华东2（上海）"
"ecs.r4i.xlarge","4核","32GiB","Intel Xeon(Granite Rapids) 6986P-C","-","-","1.2916","736","8832","17664","26496","亚太东南（柔佛）"
"ecs.r4i.xlarge","4核","32GiB","Intel Xeon(Granite Rapids) 6986P-C","-","-","1.7112","976","11712","23424","35136","亚太东南（雅加达）"
"ecs.r4i.xlarge","4核","32GiB","Intel Xeon(Granite Rapids) 6986P-C","-","-","1.88","1068","12816","25632","38448","中国香港"
"ecs.r4i.2xlarge","8核","64GiB","Intel Xeon(Granite Rapids) 6986P-C","-","-","2.4427","1192","14304","28608","42912","华北2（北京）"
"ecs.r4i.2xlarge","8核","64GiB","Intel Xeon(Granite Rapids) 6986P-C","-","-","2.4427","1192","14304","28608","42912","华南1（广州）"
"ecs.r4i.2xlarge","8核","64GiB","Intel Xeon(Granite Rapids) 6986P-C","-","-","2.4427","1192","14304","28608","42912","华东2（上海）"
"ecs.r4i.2xlarge","8核","64GiB","Intel Xeon(Granite Rapids) 6986P-C","-","-","2.5832","1472","17664","35328","52992","亚太东南（柔佛）"
"ecs.r4i.2xlarge","8核","64GiB","Intel Xeon(Granite Rapids) 6986P-C","-","-","3.4224","1952","23424","46848","70272","亚太东南（雅加达）"
"ecs.r4i.2xlarge","8核","64GiB","Intel Xeon(Granite Rapids) 6986P-C","-","-","3.76","2136","25632","51264","76896","中国香港"
"ecs.r4i.4xlarge","16核","128GiB","Intel Xeon(Granite Rapids) 6986P-C","-","-","4.8853","2384","28608","57216","85824","华北2（北京）"
"ecs.r4i.4xlarge","16核","128GiB","Intel Xeon(Granite Rapids) 6986P-C","-","-","4.8853","2384","28608","57216","85824","华南1（广州）"
"ecs.r4i.4xlarge","16核","128GiB","Intel Xeon(Granite Rapids) 6986P-C","-","-","4.8853","2384","28608","57216","85824","华东2（上海）"
"ecs.r4i.4xlarge","16核","128GiB","Intel Xeon(Granite Rapids) 6986P-C","-","-","5.1664","2944","35328","70656","105984","亚太东南（柔佛）"
"ecs.r4i.4xlarge","16核","128GiB","Intel Xeon(Granite Rapids) 6986P-C","-","-","6.8448","3904","46848","93696","140544","亚太东南（雅加达）"
"ecs.r4i.4xlarge","16核","128GiB","Intel Xeon(Granite Rapids) 6986P-C","-","-","7.52","4272","51264","102528","153792","中国香港"
"ecs.r4i.8xlarge","32核","256GiB","Intel Xeon(Granite Rapids) 6986P-C","-","-","9.7705","4768","57216","114432","171648","华北2（北京）"
"ecs.r4i.8xlarge","32核","256GiB","Intel Xeon(Granite Rapids) 6986P-C","-","-","9.7705","4768","57216","114432","171648","华南1（广州）"
"ecs.r4i.8xlarge","32核","256GiB","Intel Xeon(Granite Rapids) 6986P-C","-","-","9.7705","4768","57216","114432","171648","华东2（上海）"
"ecs.r4i.8xlarge","32核","256GiB","Intel Xeon(Granite Rapids) 6986P-C","-","-","10.3328","5888","70656","141312","211968","亚太东南（柔佛）"
"ecs.r4i.8xlarge","32核","256GiB","Intel Xeon(Granite Rapids) 6986P-C","-","-","13.6896","7808","93696","187392","281088","亚太东南（雅加达）"
"ecs.r4i.8xlarge","32核","256GiB","Intel Xeon(Granite Rapids) 6986P-C","-","-","15.04","8544","102528","205056","307584","中国香港"
"ecs.r4i.12xlarge","48核","384GiB","Intel Xeon(Granite Rapids) 6986P-C","-","-","14.6558","7152","85824","171648","257472","华北2（北京）"
"ecs.r4i.12xlarge","48核","384GiB","Intel Xeon(Granite Rapids) 6986P-C","-","-","14.6558","7152","85824","171648","257472","华南1（广州）"
"ecs.r4i.12xlarge","48核","384GiB","Intel Xeon(Granite Rapids) 6986P-C","-","-","14.6558","7152","85824","171648","257472","华东2（上海）"
"ecs.r4i.16xlarge","64核","512GiB","Intel Xeon(Granite Rapids) 6986P-C","-","-","19.541","9536","114432","228864","343296","华北2（北京）"
"ecs.r4i.16xlarge","64核","512GiB","Intel Xeon(Granite Rapids) 6986P-C","-","-","19.541","9536","114432","228864","343296","华南1（广州）"
"ecs.r4i.16xlarge","64核","512GiB","Intel Xeon(Granite Rapids) 6986P-C","-","-","19.541","9536","114432","228864","343296","华东2（上海）"
"ecs.g4ie.large","2核","8GiB","Intel Xeon(Granite Rapids) 6986P-C","-","-","0.4837","236","2832","5664","8496","华东2（上海）"
"ecs.g4ie.large","2核","8GiB","Intel Xeon(Granite Rapids) 6986P-C","-","-","0.4837","236","2832","5664","8496","华南1（广州）"
"ecs.g4ie.large","2核","8GiB","Intel Xeon(Granite Rapids) 6986P-C","-","-","0.4837","236","2832","5664","8496","华北2（北京）"
"ecs.g4ie.large","2核","8GiB","Intel Xeon(Granite Rapids) 6986P-C","-","-","0.5392","316","3792","7584","11376","亚太东南（柔佛）"
"ecs.g4ie.large","2核","8GiB","Intel Xeon(Granite Rapids) 6986P-C","-","-","0.711","418","5016","10032","15048","亚太东南（雅加达）"
"ecs.g4ie.large","2核","8GiB","Intel Xeon(Granite Rapids) 6986P-C","-","-","0.7821","455","5460","10920","16380","中国香港"
"ecs.g4ie.xlarge","4核","16GiB","Intel Xeon(Granite Rapids) 6986P-C","-","-","0.9673","472","5664","11328","16992","华东2（上海）"
"ecs.g4ie.xlarge","4核","16GiB","Intel Xeon(Granite Rapids) 6986P-C","-","-","0.9673","472","5664","11328","16992","华南1（广州）"
"ecs.g4ie.xlarge","4核","16GiB","Intel Xeon(Granite Rapids) 6986P-C","-","-","0.9673","472","5664","11328","16992","华北2（北京）"
"ecs.g4ie.xlarge","4核","16GiB","Intel Xeon(Granite Rapids) 6986P-C","-","-","1.0784","632","7584","15168","22752","亚太东南（柔佛）"
"ecs.g4ie.xlarge","4核","16GiB","Intel Xeon(Granite Rapids) 6986P-C","-","-","1.422","836","10032","20064","30096","亚太东南（雅加达）"
"ecs.g4ie.xlarge","4核","16GiB","Intel Xeon(Granite Rapids) 6986P-C","-","-","1.5642","910","10920","21840","32760","中国香港"
"ecs.g4ie.2xlarge","8核","32GiB","Intel Xeon(Granite Rapids) 6986P-C","-","-","1.9345","944","11328","22656","33984","华东2（上海）"
"ecs.g4ie.2xlarge","8核","32GiB","Intel Xeon(Granite Rapids) 6986P-C","-","-","1.9345","944","11328","22656","33984","华南1（广州）"
"ecs.g4ie.2xlarge","8核","32GiB","Intel Xeon(Granite Rapids) 6986P-C","-","-","1.9345","944","11328","22656","33984","华北2（北京）"
"ecs.g4ie.2xlarge","8核","32GiB","Intel Xeon(Granite Rapids) 6986P-C","-","-","2.1568","1264","15168","30336","45504","亚太东南（柔佛）"
"ecs.g4ie.2xlarge","8核","32GiB","Intel Xeon(Granite Rapids) 6986P-C","-","-","2.844","1672","20064","40128","60192","亚太东南（雅加达）"
"ecs.g4ie.2xlarge","8核","32GiB","Intel Xeon(Granite Rapids) 6986P-C","-","-","3.1284","1820","21840","43680","65520","中国香港"
"ecs.g4ie.4xlarge","16核","64GiB","Intel Xeon(Granite Rapids) 6986P-C","-","-","3.8689","1888","22656","45312","67968","华东2（上海）"
"ecs.g4ie.4xlarge","16核","64GiB","Intel Xeon(Granite Rapids) 6986P-C","-","-","3.8689","1888","22656","45312","67968","华南1（广州）"
"ecs.g4ie.4xlarge","16核","64GiB","Intel Xeon(Granite Rapids) 6986P-C","-","-","3.8689","1888","22656","45312","67968","华北2（北京）"
"ecs.g4ie.4xlarge","16核","64GiB","Intel Xeon(Granite Rapids) 6986P-C","-","-","4.3136","2528","30336","60672","91008","亚太东南（柔佛）"
"ecs.g4ie.4xlarge","16核","64GiB","Intel Xeon(Granite Rapids) 6986P-C","-","-","5.688","3344","40128","80256","120384","亚太东南（雅加达）"
"ecs.g4ie.4xlarge","16核","64GiB","Intel Xeon(Granite Rapids) 6986P-C","-","-","6.2568","3640","43680","87360","131040","中国香港"
"ecs.g4ie.8xlarge","32核","128GiB","Intel Xeon(Granite Rapids) 6986P-C","-","-","7.7378","3776","45312","90624","135936","华东2（上海）"
"ecs.g4ie.8xlarge","32核","128GiB","Intel Xeon(Granite Rapids) 6986P-C","-","-","7.7378","3776","45312","90624","135936","华南1（广州）"
"ecs.g4ie.8xlarge","32核","128GiB","Intel Xeon(Granite Rapids) 6986P-C","-","-","7.7378","3776","45312","90624","135936","华北2（北京）"
"ecs.g4ie.8xlarge","32核","128GiB","Intel Xeon(Granite Rapids) 6986P-C","-","-","8.6272","5056","60672","121344","182016","亚太东南（柔佛）"
"ecs.g4ie.8xlarge","32核","128GiB","Intel Xeon(Granite Rapids) 6986P-C","-","-","11.376","6688","80256","160512","240768","亚太东南（雅加达）"
"ecs.g4ie.8xlarge","32核","128GiB","Intel Xeon(Granite Rapids) 6986P-C","-","-","12.5136","7280","87360","174720","262080","中国香港"
"ecs.g4ie.12xlarge","48核","192GiB","Intel Xeon(Granite Rapids) 6986P-C","-","-","11.6066","5664","67968","135936","203904","华东2（上海）"
"ecs.g4ie.12xlarge","48核","192GiB","Intel Xeon(Granite Rapids) 6986P-C","-","-","11.6066","5664","67968","135936","203904","华南1（广州）"
"ecs.g4ie.12xlarge","48核","192GiB","Intel Xeon(Granite Rapids) 6986P-C","-","-","11.6066","5664","67968","135936","203904","华北2（北京）"
"ecs.g4ie.12xlarge","48核","192GiB","Intel Xeon(Granite Rapids) 6986P-C","-","-","12.9408","7584","91008","182016","273024","亚太东南（柔佛）"
"ecs.g4ie.12xlarge","48核","192GiB","Intel Xeon(Granite Rapids) 6986P-C","-","-","17.064","10032","120384","240768","361152","亚太东南（雅加达）"
"ecs.g4ie.12xlarge","48核","192GiB","Intel Xeon(Granite Rapids) 6986P-C","-","-","18.7704","10920","131040","262080","393120","中国香港"
"ecs.g4ie.16xlarge","64核","256GiB","Intel Xeon(Granite Rapids) 6986P-C","-","-","15.4755","7552","90624","181248","271872","华东2（上海）"
"ecs.g4ie.16xlarge","64核","256GiB","Intel Xeon(Granite Rapids) 6986P-C","-","-","15.4755","7552","90624","181248","271872","华南1（广州）"
"ecs.g4ie.16xlarge","64核","256GiB","Intel Xeon(Granite Rapids) 6986P-C","-","-","15.4755","7552","90624","181248","271872","华北2（北京）"
"ecs.g4ie.16xlarge","64核","256GiB","Intel Xeon(Granite Rapids) 6986P-C","-","-","17.2544","10112","121344","242688","364032","亚太东南（柔佛）"
"ecs.g4ie.16xlarge","64核","256GiB","Intel Xeon(Granite Rapids) 6986P-C","-","-","22.752","13376","160512","321024","481536","亚太东南（雅加达）"
"ecs.g4ie.16xlarge","64核","256GiB","Intel Xeon(Granite Rapids) 6986P-C","-","-","25.0272","14560","174720","349440","524160","中国香港"
"ecs.g4ie.24xlarge","96核","384GiB","Intel Xeon(Granite Rapids) 6986P-C","-","-","23.2132","11328","135936","271872","407808","华东2（上海）"
"ecs.g4ie.24xlarge","96核","384GiB","Intel Xeon(Granite Rapids) 6986P-C","-","-","23.2132","11328","135936","271872","407808","华南1（广州）"
"ecs.g4ie.24xlarge","96核","384GiB","Intel Xeon(Granite Rapids) 6986P-C","-","-","23.2132","11328","135936","271872","407808","华北2（北京）"
"ecs.g4ie.24xlarge","96核","384GiB","Intel Xeon(Granite Rapids) 6986P-C","-","-","25.8816","15168","182016","364032","546048","亚太东南（柔佛）"
"ecs.g4ie.24xlarge","96核","384GiB","Intel Xeon(Granite Rapids) 6986P-C","-","-","34.128","20064","240768","481536","722304","亚太东南（雅加达）"
"ecs.g4ie.24xlarge","96核","384GiB","Intel Xeon(Granite Rapids) 6986P-C","-","-","37.5408","21840","262080","524160","786240","中国香港"
"ecs.g4ie.32xlarge","128核","512GiB","Intel Xeon(Granite Rapids) 6986P-C","-","-","30.9509","15104","181248","362496","543744","华东2（上海）"
"ecs.g4ie.32xlarge","128核","512GiB","Intel Xeon(Granite Rapids) 6986P-C","-","-","30.9509","15104","181248","362496","543744","华南1（广州）"
"ecs.g4ie.32xlarge","128核","512GiB","Intel Xeon(Granite Rapids) 6986P-C","-","-","30.9509","15104","181248","362496","543744","华北2（北京）"
"ecs.g4ie.32xlarge","128核","512GiB","Intel Xeon(Granite Rapids) 6986P-C","-","-","34.5088","20224","242688","485376","728064","亚太东南（柔佛）"
"ecs.g4ie.32xlarge","128核","512GiB","Intel Xeon(Granite Rapids) 6986P-C","-","-","45.504","26752","321024","642048","963072","亚太东南（雅加达）"
"ecs.g4ie.32xlarge","128核","512GiB","Intel Xeon(Granite Rapids) 6986P-C","-","-","50.0544","29120","349440","698880","1048320","中国香港"
"ecs.g4ie.48xlarge","192核","1152GiB","Intel Xeon(Granite Rapids) 6986P-C","-","-","56.8955","27765","333180","666360","999540","华东2（上海）"
"ecs.g4ie.48xlarge","192核","1152GiB","Intel Xeon(Granite Rapids) 6986P-C","-","-","56.8955","27765","333180","666360","999540","华南1（广州）"
"ecs.g4ie.48xlarge","192核","1152GiB","Intel Xeon(Granite Rapids) 6986P-C","-","-","56.8955","27765","333180","666360","999540","华北2（北京）"
"ecs.g4ie.48xlarge","192核","1152GiB","Intel Xeon(Granite Rapids) 6986P-C","-","-","63.4349","37176","446112","892224","1338336","亚太东南（柔佛）"
"ecs.g4ie.48xlarge","192核","1152GiB","Intel Xeon(Granite Rapids) 6986P-C","-","-","83.6465","49176","590112","1180224","1770336","亚太东南（雅加达）"
"ecs.g4ie.48xlarge","192核","1152GiB","Intel Xeon(Granite Rapids) 6986P-C","-","-","92.0111","53529","642348","1284696","1927044","中国香港"
"ecs.c4ie.large","2核","4GiB","Intel Xeon(Granite Rapids) 6986P-C","-","-","0.3771","184","2208","4416","6624","华北2（北京）"
"ecs.c4ie.large","2核","4GiB","Intel Xeon(Granite Rapids) 6986P-C","-","-","0.3771","184","2208","4416","6624","华南1（广州）"
"ecs.c4ie.large","2核","4GiB","Intel Xeon(Granite Rapids) 6986P-C","-","-","0.3771","184","2208","4416","6624","华东2（上海）"
"ecs.c4ie.large","2核","4GiB","Intel Xeon(Granite Rapids) 6986P-C","-","-","0.4387","244","2928","5856","8784","亚太东南（柔佛）"
"ecs.c4ie.large","2核","4GiB","Intel Xeon(Granite Rapids) 6986P-C","-","-","0.5806","324","3888","7776","11664","亚太东南（雅加达）"
"ecs.c4ie.large","2核","4GiB","Intel Xeon(Granite Rapids) 6986P-C","-","-","0.6399","359","4308","8616","12924","中国香港"
"ecs.c4ie.xlarge","4核","8GiB","Intel Xeon(Granite Rapids) 6986P-C","-","-","0.7541","368","4416","8832","13248","华北2（北京）"
"ecs.c4ie.xlarge","4核","8GiB","Intel Xeon(Granite Rapids) 6986P-C","-","-","0.7541","368","4416","8832","13248","华南1（广州）"
"ecs.c4ie.xlarge","4核","8GiB","Intel Xeon(Granite Rapids) 6986P-C","-","-","0.7541","368","4416","8832","13248","华东2（上海）"
"ecs.c4ie.xlarge","4核","8GiB","Intel Xeon(Granite Rapids) 6986P-C","-","-","0.8774","488","5856","11712","17568","亚太东南（柔佛）"
"ecs.c4ie.xlarge","4核","8GiB","Intel Xeon(Granite Rapids) 6986P-C","-","-","1.1612","648","7776","15552","23328","亚太东南（雅加达）"
"ecs.c4ie.xlarge","4核","8GiB","Intel Xeon(Granite Rapids) 6986P-C","-","-","1.2798","718","8616","17232","25848","中国香港"
"ecs.c4ie.2xlarge","8核","16GiB","Intel Xeon(Granite Rapids) 6986P-C","-","-","1.5082","736","8832","17664","26496","华北2（北京）"
"ecs.c4ie.2xlarge","8核","16GiB","Intel Xeon(Granite Rapids) 6986P-C","-","-","1.5082","736","8832","17664","26496","华南1（广州）"
"ecs.c4ie.2xlarge","8核","16GiB","Intel Xeon(Granite Rapids) 6986P-C","-","-","1.5082","736","8832","17664","26496","华东2（上海）"
"ecs.c4ie.2xlarge","8核","16GiB","Intel Xeon(Granite Rapids) 6986P-C","-","-","1.7548","976","11712","23424","35136","亚太东南（柔佛）"
"ecs.c4ie.2xlarge","8核","16GiB","Intel Xeon(Granite Rapids) 6986P-C","-","-","2.3224","1296","15552","31104","46656","亚太东南（雅加达）"
"ecs.c4ie.2xlarge","8核","16GiB","Intel Xeon(Granite Rapids) 6986P-C","-","-","2.5596","1436","17232","34464","51696","中国香港"
"ecs.c4ie.4xlarge","16核","32GiB","Intel Xeon(Granite Rapids) 6986P-C","-","-","3.0164","1472","17664","35328","52992","华北2（北京）"
"ecs.c4ie.4xlarge","16核","32GiB","Intel Xeon(Granite Rapids) 6986P-C","-","-","3.0164","1472","17664","35328","52992","华南1（广州）"
"ecs.c4ie.4xlarge","16核","32GiB","Intel Xeon(Granite Rapids) 6986P-C","-","-","3.0164","1472","17664","35328","52992","华东2（上海）"
"ecs.c4ie.4xlarge","16核","32GiB","Intel Xeon(Granite Rapids) 6986P-C","-","-","3.5096","1952","23424","46848","70272","亚太东南（柔佛）"
"ecs.c4ie.4xlarge","16核","32GiB","Intel Xeon(Granite Rapids) 6986P-C","-","-","4.6448","2592","31104","62208","93312","亚太东南（雅加达）"
"ecs.c4ie.4xlarge","16核","32GiB","Intel Xeon(Granite Rapids) 6986P-C","-","-","5.1192","2872","34464","68928","103392","中国香港"
"ecs.c4ie.8xlarge","32核","64GiB","Intel Xeon(Granite Rapids) 6986P-C","-","-","6.0328","2944","35328","70656","105984","华北2（北京）"
"ecs.c4ie.8xlarge","32核","64GiB","Intel Xeon(Granite Rapids) 6986P-C","-","-","6.0328","2944","35328","70656","105984","华南1（广州）"
"ecs.c4ie.8xlarge","32核","64GiB","Intel Xeon(Granite Rapids) 6986P-C","-","-","6.0328","2944","35328","70656","105984","华东2（上海）"
"ecs.c4ie.8xlarge","32核","64GiB","Intel Xeon(Granite Rapids) 6986P-C","-","-","7.0192","3904","46848","93696","140544","亚太东南（柔佛）"
"ecs.c4ie.8xlarge","32核","64GiB","Intel Xeon(Granite Rapids) 6986P-C","-","-","9.2896","5184","62208","124416","186624","亚太东南（雅加达）"
"ecs.c4ie.8xlarge","32核","64GiB","Intel Xeon(Granite Rapids) 6986P-C","-","-","10.2384","5744","68928","137856","206784","中国香港"
"ecs.c4ie.12xlarge","48核","96GiB","Intel Xeon(Granite Rapids) 6986P-C","-","-","9.0492","4416","52992","105984","158976","华北2（北京）"
"ecs.c4ie.12xlarge","48核","96GiB","Intel Xeon(Granite Rapids) 6986P-C","-","-","9.0492","4416","52992","105984","158976","华南1（广州）"
"ecs.c4ie.12xlarge","48核","96GiB","Intel Xeon(Granite Rapids) 6986P-C","-","-","9.0492","4416","52992","105984","158976","华东2（上海）"
"ecs.c4ie.16xlarge","64核","128GiB","Intel Xeon(Granite Rapids) 6986P-C","-","-","12.0656","5888","70656","141312","211968","华北2（北京）"
"ecs.c4ie.16xlarge","64核","128GiB","Intel Xeon(Granite Rapids) 6986P-C","-","-","12.0656","5888","70656","141312","211968","华南1（广州）"
"ecs.c4ie.16xlarge","64核","128GiB","Intel Xeon(Granite Rapids) 6986P-C","-","-","12.0656","5888","70656","141312","211968","华东2（上海）"
"ecs.c4ie.24xlarge","96核","192GiB","Intel Xeon(Granite Rapids) 6986P-C","-","-","18.0984","8832","105984","211968","317952","华北2（北京）"
"ecs.c4ie.24xlarge","96核","192GiB","Intel Xeon(Granite Rapids) 6986P-C","-","-","18.0984","8832","105984","211968","317952","华南1（广州）"
"ecs.c4ie.24xlarge","96核","192GiB","Intel Xeon(Granite Rapids) 6986P-C","-","-","18.0984","8832","105984","211968","317952","华东2（上海）"
"ecs.c4ie.32xlarge","128核","256GiB","Intel Xeon(Granite Rapids) 6986P-C","-","-","24.1312","11776","141312","282624","423936","华北2（北京）"
"ecs.c4ie.32xlarge","128核","256GiB","Intel Xeon(Granite Rapids) 6986P-C","-","-","24.1312","11776","141312","282624","423936","华南1（广州）"
"ecs.c4ie.32xlarge","128核","256GiB","Intel Xeon(Granite Rapids) 6986P-C","-","-","24.1312","11776","141312","282624","423936","华东2（上海）"
"ecs.c4ie.48xlarge","192核","576GiB","Intel Xeon(Granite Rapids) 6986P-C","-","-","42.0287","20510","246120","492240","738360","华北2（北京）"
"ecs.c4ie.48xlarge","192核","576GiB","Intel Xeon(Granite Rapids) 6986P-C","-","-","42.0287","20510","246120","492240","738360","华南1（广州）"
"ecs.c4ie.48xlarge","192核","576GiB","Intel Xeon(Granite Rapids) 6986P-C","-","-","42.0287","20510","246120","492240","738360","华东2（上海）"
"ecs.r4ie.large","2核","16GiB","Intel Xeon(Granite Rapids) 6986P-C","-","-","0.9895","562","6744","13488","20232","中国香港"
"ecs.r4ie.large","2核","16GiB","Intel Xeon(Granite Rapids) 6986P-C","-","-","0.9006","514","6168","12336","18504","亚太东南（雅加达）"
"ecs.r4ie.large","2核","16GiB","Intel Xeon(Granite Rapids) 6986P-C","-","-","0.6798","388","4656","9312","13968","亚太东南（柔佛）"
"ecs.r4ie.large","2核","16GiB","Intel Xeon(Granite Rapids) 6986P-C","-","-","0.6435","314","3768","7536","11304","华东2（上海）"
"ecs.r4ie.large","2核","16GiB","Intel Xeon(Granite Rapids) 6986P-C","-","-","0.6435","314","3768","7536","11304","华南1（广州）"
"ecs.r4ie.large","2核","16GiB","Intel Xeon(Granite Rapids) 6986P-C","-","-","0.6435","314","3768","7536","11304","华北2（北京）"
"ecs.r4ie.xlarge","4核","32GiB","Intel Xeon(Granite Rapids) 6986P-C","-","-","1.979","1124","13488","26976","40464","中国香港"
"ecs.r4ie.xlarge","4核","32GiB","Intel Xeon(Granite Rapids) 6986P-C","-","-","1.8012","1028","12336","24672","37008","亚太东南（雅加达）"
"ecs.r4ie.xlarge","4核","32GiB","Intel Xeon(Granite Rapids) 6986P-C","-","-","1.3596","776","9312","18624","27936","亚太东南（柔佛）"
"ecs.r4ie.xlarge","4核","32GiB","Intel Xeon(Granite Rapids) 6986P-C","-","-","1.2869","628","7536","15072","22608","华东2（上海）"
"ecs.r4ie.xlarge","4核","32GiB","Intel Xeon(Granite Rapids) 6986P-C","-","-","1.2869","628","7536","15072","22608","华南1（广州）"
"ecs.r4ie.xlarge","4核","32GiB","Intel Xeon(Granite Rapids) 6986P-C","-","-","1.2869","628","7536","15072","22608","华北2（北京）"
"ecs.r4ie.2xlarge","8核","64GiB","Intel Xeon(Granite Rapids) 6986P-C","-","-","3.958","2248","26976","53952","80928","中国香港"
"ecs.r4ie.2xlarge","8核","64GiB","Intel Xeon(Granite Rapids) 6986P-C","-","-","3.6024","2056","24672","49344","74016","亚太东南（雅加达）"
"ecs.r4ie.2xlarge","8核","64GiB","Intel Xeon(Granite Rapids) 6986P-C","-","-","2.7192","1552","18624","37248","55872","亚太东南（柔佛）"
"ecs.r4ie.2xlarge","8核","64GiB","Intel Xeon(Granite Rapids) 6986P-C","-","-","2.5738","1256","15072","30144","45216","华东2（上海）"
"ecs.r4ie.2xlarge","8核","64GiB","Intel Xeon(Granite Rapids) 6986P-C","-","-","2.5738","1256","15072","30144","45216","华南1（广州）"
"ecs.r4ie.2xlarge","8核","64GiB","Intel Xeon(Granite Rapids) 6986P-C","-","-","2.5738","1256","15072","30144","45216","华北2（北京）"
"ecs.r4ie.4xlarge","16核","128GiB","Intel Xeon(Granite Rapids) 6986P-C","-","-","7.916","4496","53952","107904","161856","中国香港"
"ecs.r4ie.4xlarge","16核","128GiB","Intel Xeon(Granite Rapids) 6986P-C","-","-","7.2048","4112","49344","98688","148032","亚太东南（雅加达）"
"ecs.r4ie.4xlarge","16核","128GiB","Intel Xeon(Granite Rapids) 6986P-C","-","-","5.4384","3104","37248","74496","111744","亚太东南（柔佛）"
"ecs.r4ie.4xlarge","16核","128GiB","Intel Xeon(Granite Rapids) 6986P-C","-","-","5.1476","2512","30144","60288","90432","华东2（上海）"
"ecs.r4ie.4xlarge","16核","128GiB","Intel Xeon(Granite Rapids) 6986P-C","-","-","5.1476","2512","30144","60288","90432","华南1（广州）"
"ecs.r4ie.4xlarge","16核","128GiB","Intel Xeon(Granite Rapids) 6986P-C","-","-","5.1476","2512","30144","60288","90432","华北2（北京）"
"ecs.r4ie.8xlarge","32核","256GiB","Intel Xeon(Granite Rapids) 6986P-C","-","-","15.832","8992","107904","215808","323712","中国香港"
"ecs.r4ie.8xlarge","32核","256GiB","Intel Xeon(Granite Rapids) 6986P-C","-","-","14.4096","8224","98688","197376","296064","亚太东南（雅加达）"
"ecs.r4ie.8xlarge","32核","256GiB","Intel Xeon(Granite Rapids) 6986P-C","-","-","10.8768","6208","74496","148992","223488","亚太东南（柔佛）"
"ecs.r4ie.8xlarge","32核","256GiB","Intel Xeon(Granite Rapids) 6986P-C","-","-","10.2951","5024","60288","120576","180864","华东2（上海）"
"ecs.r4ie.8xlarge","32核","256GiB","Intel Xeon(Granite Rapids) 6986P-C","-","-","10.2951","5024","60288","120576","180864","华南1（广州）"
"ecs.r4ie.8xlarge","32核","256GiB","Intel Xeon(Granite Rapids) 6986P-C","-","-","10.2951","5024","60288","120576","180864","华北2（北京）"
"ecs.g4il-flex.large","2核","8GiB","Intel Xeon(Granite Rapids) 6986P-C","-","-","0.4433","212.8","2553.6","5107.2","7660.8","华北2（北京）"
"ecs.g4il-flex.large","2核","8GiB","Intel Xeon(Granite Rapids) 6986P-C","-","-","0.4433","212.8","2553.6","5107.2","7660.8","华南1（广州）"
"ecs.g4il-flex.large","2核","8GiB","Intel Xeon(Granite Rapids) 6986P-C","-","-","0.4433","212.8","2553.6","5107.2","7660.8","华东2（上海）"
"ecs.g4il-flex.xlarge","4核","16GiB","Intel Xeon(Granite Rapids) 6986P-C","-","-","0.8867","425.6","5107.2","10214.4","15321.6","华北2（北京）"
"ecs.g4il-flex.xlarge","4核","16GiB","Intel Xeon(Granite Rapids) 6986P-C","-","-","0.8867","425.6","5107.2","10214.4","15321.6","华南1（广州）"
"ecs.g4il-flex.xlarge","4核","16GiB","Intel Xeon(Granite Rapids) 6986P-C","-","-","0.8867","425.6","5107.2","10214.4","15321.6","华东2（上海）"
"ecs.g4il-flex.2xlarge","8核","32GiB","Intel Xeon(Granite Rapids) 6986P-C","-","-","1.7733","851.2","10214.4","20428.8","30643.2","华北2（北京）"
"ecs.g4il-flex.2xlarge","8核","32GiB","Intel Xeon(Granite Rapids) 6986P-C","-","-","1.7733","851.2","10214.4","20428.8","30643.2","华南1（广州）"
"ecs.g4il-flex.2xlarge","8核","32GiB","Intel Xeon(Granite Rapids) 6986P-C","-","-","1.7733","851.2","10214.4","20428.8","30643.2","华东2（上海）"
"ecs.g4il-flex.4xlarge","16核","64GiB","Intel Xeon(Granite Rapids) 6986P-C","-","-","3.5467","1702.4","20428.8","40857.6","61286.4","华北2（北京）"
"ecs.g4il-flex.4xlarge","16核","64GiB","Intel Xeon(Granite Rapids) 6986P-C","-","-","3.5467","1702.4","20428.8","40857.6","61286.4","华南1（广州）"
"ecs.g4il-flex.4xlarge","16核","64GiB","Intel Xeon(Granite Rapids) 6986P-C","-","-","3.5467","1702.4","20428.8","40857.6","61286.4","华东2（上海）"
"ecs.g4il-flex.8xlarge","32核","128GiB","Intel Xeon(Granite Rapids) 6986P-C","-","-","7.0933","3404.8","40857.6","81715.2","122572.8","华北2（北京）"
"ecs.g4il-flex.8xlarge","32核","128GiB","Intel Xeon(Granite Rapids) 6986P-C","-","-","7.0933","3404.8","40857.6","81715.2","122572.8","华南1（广州）"
"ecs.g4il-flex.8xlarge","32核","128GiB","Intel Xeon(Granite Rapids) 6986P-C","-","-","7.0933","3404.8","40857.6","81715.2","122572.8","华东2（上海）"
"ecs.c4il-flex.large","2核","4GiB","Intel Xeon(Granite Rapids) 6986P-C","-","-","0.3444","165.3","1983.6","3967.2","5950.8","华北2（北京）"
"ecs.c4il-flex.large","2核","4GiB","Intel Xeon(Granite Rapids) 6986P-C","-","-","0.3444","165.3","1983.6","3967.2","5950.8","华南1（广州）"
"ecs.c4il-flex.large","2核","4GiB","Intel Xeon(Granite Rapids) 6986P-C","-","-","0.3444","165.3","1983.6","3967.2","5950.8","华东2（上海）"
"ecs.c4il-flex.xlarge","4核","8GiB","Intel Xeon(Granite Rapids) 6986P-C","-","-","0.6888","330.6","3967.2","7934.4","11901.6","华北2（北京）"
"ecs.c4il-flex.xlarge","4核","8GiB","Intel Xeon(Granite Rapids) 6986P-C","-","-","0.6888","330.6","3967.2","7934.4","11901.6","华南1（广州）"
"ecs.c4il-flex.xlarge","4核","8GiB","Intel Xeon(Granite Rapids) 6986P-C","-","-","0.6888","330.6","3967.2","7934.4","11901.6","华东2（上海）"
"ecs.c4il-flex.2xlarge","8核","16GiB","Intel Xeon(Granite Rapids) 6986P-C","-","-","1.3775","661.2","7934.4","15868.8","23803.2","华北2（北京）"
"ecs.c4il-flex.2xlarge","8核","16GiB","Intel Xeon(Granite Rapids) 6986P-C","-","-","1.3775","661.2","7934.4","15868.8","23803.2","华南1（广州）"
"ecs.c4il-flex.2xlarge","8核","16GiB","Intel Xeon(Granite Rapids) 6986P-C","-","-","1.3775","661.2","7934.4","15868.8","23803.2","华东2（上海）"
"ecs.c4il-flex.4xlarge","16核","32GiB","Intel Xeon(Granite Rapids) 6986P-C","-","-","2.755","1322.4","15868.8","31737.6","47606.4","华北2（北京）"
"ecs.c4il-flex.4xlarge","16核","32GiB","Intel Xeon(Granite Rapids) 6986P-C","-","-","2.755","1322.4","15868.8","31737.6","47606.4","华南1（广州）"
"ecs.c4il-flex.4xlarge","16核","32GiB","Intel Xeon(Granite Rapids) 6986P-C","-","-","2.755","1322.4","15868.8","31737.6","47606.4","华东2（上海）"
"ecs.c4il-flex.8xlarge","32核","64GiB","Intel Xeon(Granite Rapids) 6986P-C","-","-","5.51","2644.8","31737.6","63475.2","95212.8","华北2（北京）"
"ecs.c4il-flex.8xlarge","32核","64GiB","Intel Xeon(Granite Rapids) 6986P-C","-","-","5.51","2644.8","31737.6","63475.2","95212.8","华南1（广州）"
"ecs.c4il-flex.8xlarge","32核","64GiB","Intel Xeon(Granite Rapids) 6986P-C","-","-","5.51","2644.8","31737.6","63475.2","95212.8","华东2（上海）"
"ecs.g4i-flex.large","2核","8GiB","Intel Xeon(Granite Rapids) 6986P-C","-","-","0.4433","212.8","2553.6","5107.2","7660.8","华北2（北京）"
"ecs.g4i-flex.large","2核","8GiB","Intel Xeon(Granite Rapids) 6986P-C","-","-","0.4433","212.8","2553.6","5107.2","7660.8","华南1（广州）"
"ecs.g4i-flex.large","2核","8GiB","Intel Xeon(Granite Rapids) 6986P-C","-","-","0.4433","212.8","2553.6","5107.2","7660.8","华东2（上海）"
"ecs.g4i-flex.xlarge","4核","16GiB","Intel Xeon(Granite Rapids) 6986P-C","-","-","0.8867","425.6","5107.2","10214.4","15321.6","华北2（北京）"
"ecs.g4i-flex.xlarge","4核","16GiB","Intel Xeon(Granite Rapids) 6986P-C","-","-","0.8867","425.6","5107.2","10214.4","15321.6","华南1（广州）"
"ecs.g4i-flex.xlarge","4核","16GiB","Intel Xeon(Granite Rapids) 6986P-C","-","-","0.8867","425.6","5107.2","10214.4","15321.6","华东2（上海）"
"ecs.g4i-flex.2xlarge","8核","32GiB","Intel Xeon(Granite Rapids) 6986P-C","-","-","1.7733","851.2","10214.4","20428.8","30643.2","华北2（北京）"
"ecs.g4i-flex.2xlarge","8核","32GiB","Intel Xeon(Granite Rapids) 6986P-C","-","-","1.7733","851.2","10214.4","20428.8","30643.2","华南1（广州）"
"ecs.g4i-flex.2xlarge","8核","32GiB","Intel Xeon(Granite Rapids) 6986P-C","-","-","1.7733","851.2","10214.4","20428.8","30643.2","华东2（上海）"
"ecs.g4i-flex.4xlarge","16核","64GiB","Intel Xeon(Granite Rapids) 6986P-C","-","-","3.5467","1702.4","20428.8","40857.6","61286.4","华北2（北京）"
"ecs.g4i-flex.4xlarge","16核","64GiB","Intel Xeon(Granite Rapids) 6986P-C","-","-","3.5467","1702.4","20428.8","40857.6","61286.4","华南1（广州）"
"ecs.g4i-flex.4xlarge","16核","64GiB","Intel Xeon(Granite Rapids) 6986P-C","-","-","3.5467","1702.4","20428.8","40857.6","61286.4","华东2（上海）"
"ecs.g4i-flex.8xlarge","32核","128GiB","Intel Xeon(Granite Rapids) 6986P-C","-","-","7.0933","3404.8","40857.6","81715.2","122572.8","华北2（北京）"
"ecs.g4i-flex.8xlarge","32核","128GiB","Intel Xeon(Granite Rapids) 6986P-C","-","-","7.0933","3404.8","40857.6","81715.2","122572.8","华南1（广州）"
"ecs.g4i-flex.8xlarge","32核","128GiB","Intel Xeon(Granite Rapids) 6986P-C","-","-","7.0933","3404.8","40857.6","81715.2","122572.8","华东2（上海）"
"ecs.c4i-flex.large","2核","4GiB","Intel Xeon(Granite Rapids) 6986P-C","-","-","0.3444","165.3","1983.6","3967.2","5950.8","华北2（北京）"
"ecs.c4i-flex.large","2核","4GiB","Intel Xeon(Granite Rapids) 6986P-C","-","-","0.3444","165.3","1983.6","3967.2","5950.8","华南1（广州）"
"ecs.c4i-flex.large","2核","4GiB","Intel Xeon(Granite Rapids) 6986P-C","-","-","0.3444","165.3","1983.6","3967.2","5950.8","华东2（上海）"
"ecs.c4i-flex.xlarge","4核","8GiB","Intel Xeon(Granite Rapids) 6986P-C","-","-","0.6888","330.6","3967.2","7934.4","11901.6","华北2（北京）"
"ecs.c4i-flex.xlarge","4核","8GiB","Intel Xeon(Granite Rapids) 6986P-C","-","-","0.6888","330.6","3967.2","7934.4","11901.6","华南1（广州）"
"ecs.c4i-flex.xlarge","4核","8GiB","Intel Xeon(Granite Rapids) 6986P-C","-","-","0.6888","330.6","3967.2","7934.4","11901.6","华东2（上海）"
"ecs.c4i-flex.2xlarge","8核","16GiB","Intel Xeon(Granite Rapids) 6986P-C","-","-","1.3775","661.2","7934.4","15868.8","23803.2","华北2（北京）"
"ecs.c4i-flex.2xlarge","8核","16GiB","Intel Xeon(Granite Rapids) 6986P-C","-","-","1.3775","661.2","7934.4","15868.8","23803.2","华南1（广州）"
"ecs.c4i-flex.2xlarge","8核","16GiB","Intel Xeon(Granite Rapids) 6986P-C","-","-","1.3775","661.2","7934.4","15868.8","23803.2","华东2（上海）"
"ecs.c4i-flex.4xlarge","16核","32GiB","Intel Xeon(Granite Rapids) 6986P-C","-","-","2.755","1322.4","15868.8","31737.6","47606.4","华北2（北京）"
"ecs.c4i-flex.4xlarge","16核","32GiB","Intel Xeon(Granite Rapids) 6986P-C","-","-","2.755","1322.4","15868.8","31737.6","47606.4","华南1（广州）"
"ecs.c4i-flex.4xlarge","16核","32GiB","Intel Xeon(Granite Rapids) 6986P-C","-","-","2.755","1322.4","15868.8","31737.6","47606.4","华东2（上海）"
"ecs.c4i-flex.8xlarge","32核","64GiB","Intel Xeon(Granite Rapids) 6986P-C","-","-","5.51","2644.8","31737.6","63475.2","95212.8","华北2（北京）"
"ecs.c4i-flex.8xlarge","32核","64GiB","Intel Xeon(Granite Rapids) 6986P-C","-","-","5.51","2644.8","31737.6","63475.2","95212.8","华南1（广州）"
"ecs.c4i-flex.8xlarge","32核","64GiB","Intel Xeon(Granite Rapids) 6986P-C","-","-","5.51","2644.8","31737.6","63475.2","95212.8","华东2（上海）"
"ecs.hfg4i.large","2核","8GiB","Intel Xeon(Granite Rapids) 6986P-C","-","-","0.551","264.5","3174","6348","9522","华北2（北京）"
"ecs.hfg4i.large","2核","8GiB","Intel Xeon(Granite Rapids) 6986P-C","-","-","0.551","264.5","3174","6348","9522","华南1（广州）"
"ecs.hfg4i.large","2核","8GiB","Intel Xeon(Granite Rapids) 6986P-C","-","-","0.551","264.5","3174","6348","9522","华东2（上海）"
"ecs.hfg4i.xlarge","4核","16GiB","Intel Xeon(Granite Rapids) 6986P-C","-","-","1.1021","529","6348","12696","19044","华北2（北京）"
"ecs.hfg4i.xlarge","4核","16GiB","Intel Xeon(Granite Rapids) 6986P-C","-","-","1.1021","529","6348","12696","19044","华南1（广州）"
"ecs.hfg4i.xlarge","4核","16GiB","Intel Xeon(Granite Rapids) 6986P-C","-","-","1.1021","529","6348","12696","19044","华东2（上海）"
"ecs.hfg4i.2xlarge","8核","32GiB","Intel Xeon(Granite Rapids) 6986P-C","-","-","2.2042","1058","12696","25392","38088","华北2（北京）"
"ecs.hfg4i.2xlarge","8核","32GiB","Intel Xeon(Granite Rapids) 6986P-C","-","-","2.2042","1058","12696","25392","38088","华南1（广州）"
"ecs.hfg4i.2xlarge","8核","32GiB","Intel Xeon(Granite Rapids) 6986P-C","-","-","2.2042","1058","12696","25392","38088","华东2（上海）"
"ecs.hfg4i.3xlarge","12核","48GiB","Intel Xeon(Granite Rapids) 6986P-C","-","-","3.3063","1587","19044","38088","57132","华北2（北京）"
"ecs.hfg4i.3xlarge","12核","48GiB","Intel Xeon(Granite Rapids) 6986P-C","-","-","3.3063","1587","19044","38088","57132","华南1（广州）"
"ecs.hfg4i.3xlarge","12核","48GiB","Intel Xeon(Granite Rapids) 6986P-C","-","-","3.3063","1587","19044","38088","57132","华东2（上海）"
"ecs.hfg4i.4xlarge","16核","64GiB","Intel Xeon(Granite Rapids) 6986P-C","-","-","4.4083","2116","25392","50784","76176","华北2（北京）"
"ecs.hfg4i.4xlarge","16核","64GiB","Intel Xeon(Granite Rapids) 6986P-C","-","-","4.4083","2116","25392","50784","76176","华南1（广州）"
"ecs.hfg4i.4xlarge","16核","64GiB","Intel Xeon(Granite Rapids) 6986P-C","-","-","4.4083","2116","25392","50784","76176","华东2（上海）"
"ecs.hfg4i.6xlarge","24核","96GiB","Intel Xeon(Granite Rapids) 6986P-C","-","-","6.6125","3174","38088","76176","114264","华北2（北京）"
"ecs.hfg4i.6xlarge","24核","96GiB","Intel Xeon(Granite Rapids) 6986P-C","-","-","6.6125","3174","38088","76176","114264","华南1（广州）"
"ecs.hfg4i.6xlarge","24核","96GiB","Intel Xeon(Granite Rapids) 6986P-C","-","-","6.6125","3174","38088","76176","114264","华东2（上海）"
"ecs.hfg4i.8xlarge","32核","128GiB","Intel Xeon(Granite Rapids) 6986P-C","-","-","8.8167","4232","50784","101568","152352","华北2（北京）"
"ecs.hfg4i.8xlarge","32核","128GiB","Intel Xeon(Granite Rapids) 6986P-C","-","-","8.8167","4232","50784","101568","152352","华南1（广州）"
"ecs.hfg4i.8xlarge","32核","128GiB","Intel Xeon(Granite Rapids) 6986P-C","-","-","8.8167","4232","50784","101568","152352","华东2（上海）"
"ecs.hfg4i.12xlarge","48核","192GiB","Intel Xeon(Granite Rapids) 6986P-C","-","-","13.225","6348","76176","152352","228528","华北2（北京）"
"ecs.hfg4i.12xlarge","48核","192GiB","Intel Xeon(Granite Rapids) 6986P-C","-","-","13.225","6348","76176","152352","228528","华南1（广州）"
"ecs.hfg4i.12xlarge","48核","192GiB","Intel Xeon(Granite Rapids) 6986P-C","-","-","13.225","6348","76176","152352","228528","华东2（上海）"
"ecs.hfg4i.16xlarge","64核","256GiB","Intel Xeon(Granite Rapids) 6986P-C","-","-","17.6333","8464","101568","203136","304704","华北2（北京）"
"ecs.hfg4i.16xlarge","64核","256GiB","Intel Xeon(Granite Rapids) 6986P-C","-","-","17.6333","8464","101568","203136","304704","华南1（广州）"
"ecs.hfg4i.16xlarge","64核","256GiB","Intel Xeon(Granite Rapids) 6986P-C","-","-","17.6333","8464","101568","203136","304704","华东2（上海）"
"ecs.hfg4i.18xlarge","72核","288GiB","Intel Xeon(Granite Rapids) 6986P-C","-","-","19.8375","9522","114264","228528","342792","华北2（北京）"
"ecs.hfg4i.18xlarge","72核","288GiB","Intel Xeon(Granite Rapids) 6986P-C","-","-","19.8375","9522","114264","228528","342792","华南1（广州）"
"ecs.hfg4i.18xlarge","72核","288GiB","Intel Xeon(Granite Rapids) 6986P-C","-","-","19.8375","9522","114264","228528","342792","华东2（上海）"
"ecs.hfg4i.24xlarge","96核","384GiB","Intel Xeon(Granite Rapids) 6986P-C","-","-","26.45","12696","152352","304704","457056","华北2（北京）"
"ecs.hfg4i.24xlarge","96核","384GiB","Intel Xeon(Granite Rapids) 6986P-C","-","-","26.45","12696","152352","304704","457056","华南1（广州）"
"ecs.hfg4i.24xlarge","96核","384GiB","Intel Xeon(Granite Rapids) 6986P-C","-","-","26.45","12696","152352","304704","457056","华东2（上海）"
"ecs.hfg4i.36xlarge","144核","576GiB","Intel Xeon(Granite Rapids) 6986P-C","-","-","39.675","19044","228528","457056","685584","华北2（北京）"
"ecs.hfg4i.36xlarge","144核","576GiB","Intel Xeon(Granite Rapids) 6986P-C","-","-","39.675","19044","228528","457056","685584","华南1（广州）"
"ecs.hfg4i.36xlarge","144核","576GiB","Intel Xeon(Granite Rapids) 6986P-C","-","-","39.675","19044","228528","457056","685584","华东2（上海）"
"ecs.hfc4i.large","2核","4GiB","Intel Xeon(Granite Rapids) 6986P-C","-","-","0.445","213.6","2563.2","5126.4","7689.6","华东2（上海）"
"ecs.hfc4i.large","2核","4GiB","Intel Xeon(Granite Rapids) 6986P-C","-","-","0.445","213.6","2563.2","5126.4","7689.6","华南1（广州）"
"ecs.hfc4i.large","2核","4GiB","Intel Xeon(Granite Rapids) 6986P-C","-","-","0.445","213.6","2563.2","5126.4","7689.6","华北2（北京）"
"ecs.hfc4i.xlarge","4核","8GiB","Intel Xeon(Granite Rapids) 6986P-C","-","-","0.89","427.2","5126.4","10252.8","15379.2","华东2（上海）"
"ecs.hfc4i.xlarge","4核","8GiB","Intel Xeon(Granite Rapids) 6986P-C","-","-","0.89","427.2","5126.4","10252.8","15379.2","华南1（广州）"
"ecs.hfc4i.xlarge","4核","8GiB","Intel Xeon(Granite Rapids) 6986P-C","-","-","0.89","427.2","5126.4","10252.8","15379.2","华北2（北京）"
"ecs.hfc4i.2xlarge","8核","16GiB","Intel Xeon(Granite Rapids) 6986P-C","-","-","1.78","854.4","10252.8","20505.6","30758.4","华东2（上海）"
"ecs.hfc4i.2xlarge","8核","16GiB","Intel Xeon(Granite Rapids) 6986P-C","-","-","1.78","854.4","10252.8","20505.6","30758.4","华南1（广州）"
"ecs.hfc4i.2xlarge","8核","16GiB","Intel Xeon(Granite Rapids) 6986P-C","-","-","1.78","854.4","10252.8","20505.6","30758.4","华北2（北京）"
"ecs.hfc4i.3xlarge","12核","24GiB","Intel Xeon(Granite Rapids) 6986P-C","-","-","2.67","1281.6","15379.2","30758.4","46137.6","华东2（上海）"
"ecs.hfc4i.3xlarge","12核","24GiB","Intel Xeon(Granite Rapids) 6986P-C","-","-","2.67","1281.6","15379.2","30758.4","46137.6","华南1（广州）"
"ecs.hfc4i.3xlarge","12核","24GiB","Intel Xeon(Granite Rapids) 6986P-C","-","-","2.67","1281.6","15379.2","30758.4","46137.6","华北2（北京）"
"ecs.hfc4i.4xlarge","16核","32GiB","Intel Xeon(Granite Rapids) 6986P-C","-","-","3.56","1708.8","20505.6","41011.2","61516.8","华东2（上海）"
"ecs.hfc4i.4xlarge","16核","32GiB","Intel Xeon(Granite Rapids) 6986P-C","-","-","3.56","1708.8","20505.6","41011.2","61516.8","华南1（广州）"
"ecs.hfc4i.4xlarge","16核","32GiB","Intel Xeon(Granite Rapids) 6986P-C","-","-","3.56","1708.8","20505.6","41011.2","61516.8","华北2（北京）"
"ecs.hfc4i.6xlarge","24核","48GiB","Intel Xeon(Granite Rapids) 6986P-C","-","-","5.34","2563.2","30758.4","61516.8","92275.2","华东2（上海）"
"ecs.hfc4i.6xlarge","24核","48GiB","Intel Xeon(Granite Rapids) 6986P-C","-","-","5.34","2563.2","30758.4","61516.8","92275.2","华南1（广州）"
"ecs.hfc4i.6xlarge","24核","48GiB","Intel Xeon(Granite Rapids) 6986P-C","-","-","5.34","2563.2","30758.4","61516.8","92275.2","华北2（北京）"
"ecs.hfc4i.8xlarge","32核","64GiB","Intel Xeon(Granite Rapids) 6986P-C","-","-","7.12","3417.6","41011.2","82022.4","123033.6","华东2（上海）"
"ecs.hfc4i.8xlarge","32核","64GiB","Intel Xeon(Granite Rapids) 6986P-C","-","-","7.12","3417.6","41011.2","82022.4","123033.6","华南1（广州）"
"ecs.hfc4i.8xlarge","32核","64GiB","Intel Xeon(Granite Rapids) 6986P-C","-","-","7.12","3417.6","41011.2","82022.4","123033.6","华北2（北京）"
"ecs.hfc4i.12xlarge","48核","96GiB","Intel Xeon(Granite Rapids) 6986P-C","-","-","10.68","5126.4","61516.8","123033.6","184550.4","华东2（上海）"
"ecs.hfc4i.12xlarge","48核","96GiB","Intel Xeon(Granite Rapids) 6986P-C","-","-","10.68","5126.4","61516.8","123033.6","184550.4","华南1（广州）"
"ecs.hfc4i.12xlarge","48核","96GiB","Intel Xeon(Granite Rapids) 6986P-C","-","-","10.68","5126.4","61516.8","123033.6","184550.4","华北2（北京）"
"ecs.hfc4i.16xlarge","64核","128GiB","Intel Xeon(Granite Rapids) 6986P-C","-","-","14.24","6835.2","82022.4","164044.8","246067.2","华东2（上海）"
"ecs.hfc4i.16xlarge","64核","128GiB","Intel Xeon(Granite Rapids) 6986P-C","-","-","14.24","6835.2","82022.4","164044.8","246067.2","华南1（广州）"
"ecs.hfc4i.16xlarge","64核","128GiB","Intel Xeon(Granite Rapids) 6986P-C","-","-","14.24","6835.2","82022.4","164044.8","246067.2","华北2（北京）"
"ecs.hfc4i.18xlarge","72核","144GiB","Intel Xeon(Granite Rapids) 6986P-C","-","-","16.02","7689.6","92275.2","184550.4","276825.6","华东2（上海）"
"ecs.hfc4i.18xlarge","72核","144GiB","Intel Xeon(Granite Rapids) 6986P-C","-","-","16.02","7689.6","92275.2","184550.4","276825.6","华南1（广州）"
"ecs.hfc4i.18xlarge","72核","144GiB","Intel Xeon(Granite Rapids) 6986P-C","-","-","16.02","7689.6","92275.2","184550.4","276825.6","华北2（北京）"
"ecs.hfc4i.24xlarge","96核","192GiB","Intel Xeon(Granite Rapids) 6986P-C","-","-","21.36","10252.8","123033.6","246067.2","369100.8","华东2（上海）"
"ecs.hfc4i.24xlarge","96核","192GiB","Intel Xeon(Granite Rapids) 6986P-C","-","-","21.36","10252.8","123033.6","246067.2","369100.8","华南1（广州）"
"ecs.hfc4i.24xlarge","96核","192GiB","Intel Xeon(Granite Rapids) 6986P-C","-","-","21.36","10252.8","123033.6","246067.2","369100.8","华北2（北京）"
"ecs.hfc4i.36xlarge","144核","288GiB","Intel Xeon(Granite Rapids) 6986P-C","-","-","32.04","15379.2","184550.4","369100.8","553651.2","华东2（上海）"
"ecs.hfc4i.36xlarge","144核","288GiB","Intel Xeon(Granite Rapids) 6986P-C","-","-","32.04","15379.2","184550.4","369100.8","553651.2","华南1（广州）"
"ecs.hfc4i.36xlarge","144核","288GiB","Intel Xeon(Granite Rapids) 6986P-C","-","-","32.04","15379.2","184550.4","369100.8","553651.2","华北2（北京）"
"ecs.hfr4i.large","2核","16GiB","Intel Xeon(Granite Rapids) 6986P-C","-","-","0.76","364.8","4377.6","8755.2","13132.8","华北2（北京）"
"ecs.hfr4i.large","2核","16GiB","Intel Xeon(Granite Rapids) 6986P-C","-","-","0.76","364.8","4377.6","8755.2","13132.8","华南1（广州）"
"ecs.hfr4i.large","2核","16GiB","Intel Xeon(Granite Rapids) 6986P-C","-","-","0.76","364.8","4377.6","8755.2","13132.8","华东2（上海）"
"ecs.hfr4i.xlarge","4核","32GiB","Intel Xeon(Granite Rapids) 6986P-C","-","-","1.52","729.6","8755.2","17510.4","26265.6","华北2（北京）"
"ecs.hfr4i.xlarge","4核","32GiB","Intel Xeon(Granite Rapids) 6986P-C","-","-","1.52","729.6","8755.2","17510.4","26265.6","华南1（广州）"
"ecs.hfr4i.xlarge","4核","32GiB","Intel Xeon(Granite Rapids) 6986P-C","-","-","1.52","729.6","8755.2","17510.4","26265.6","华东2（上海）"
"ecs.hfr4i.2xlarge","8核","64GiB","Intel Xeon(Granite Rapids) 6986P-C","-","-","3.04","1459.2","17510.4","35020.8","52531.2","华北2（北京）"
"ecs.hfr4i.2xlarge","8核","64GiB","Intel Xeon(Granite Rapids) 6986P-C","-","-","3.04","1459.2","17510.4","35020.8","52531.2","华南1（广州）"
"ecs.hfr4i.2xlarge","8核","64GiB","Intel Xeon(Granite Rapids) 6986P-C","-","-","3.04","1459.2","17510.4","35020.8","52531.2","华东2（上海）"
"ecs.hfr4i.3xlarge","12核","96GiB","Intel Xeon(Granite Rapids) 6986P-C","-","-","4.56","2188.8","26265.6","52531.2","78796.8","华北2（北京）"
"ecs.hfr4i.3xlarge","12核","96GiB","Intel Xeon(Granite Rapids) 6986P-C","-","-","4.56","2188.8","26265.6","52531.2","78796.8","华南1（广州）"
"ecs.hfr4i.3xlarge","12核","96GiB","Intel Xeon(Granite Rapids) 6986P-C","-","-","4.56","2188.8","26265.6","52531.2","78796.8","华东2（上海）"
"ecs.hfr4i.4xlarge","16核","128GiB","Intel Xeon(Granite Rapids) 6986P-C","-","-","6.08","2918.4","35020.8","70041.6","105062.4","华北2（北京）"
"ecs.hfr4i.4xlarge","16核","128GiB","Intel Xeon(Granite Rapids) 6986P-C","-","-","6.08","2918.4","35020.8","70041.6","105062.4","华南1（广州）"
"ecs.hfr4i.4xlarge","16核","128GiB","Intel Xeon(Granite Rapids) 6986P-C","-","-","6.08","2918.4","35020.8","70041.6","105062.4","华东2（上海）"
"ecs.hfr4i.6xlarge","24核","192GiB","Intel Xeon(Granite Rapids) 6986P-C","-","-","9.12","4377.6","52531.2","105062.4","157593.6","华北2（北京）"
"ecs.hfr4i.6xlarge","24核","192GiB","Intel Xeon(Granite Rapids) 6986P-C","-","-","9.12","4377.6","52531.2","105062.4","157593.6","华南1（广州）"
"ecs.hfr4i.6xlarge","24核","192GiB","Intel Xeon(Granite Rapids) 6986P-C","-","-","9.12","4377.6","52531.2","105062.4","157593.6","华东2（上海）"
"ecs.hfr4i.8xlarge","32核","256GiB","Intel Xeon(Granite Rapids) 6986P-C","-","-","12.16","5836.8","70041.6","140083.2","210124.8","华北2（北京）"
"ecs.hfr4i.8xlarge","32核","256GiB","Intel Xeon(Granite Rapids) 6986P-C","-","-","12.16","5836.8","70041.6","140083.2","210124.8","华南1（广州）"
"ecs.hfr4i.8xlarge","32核","256GiB","Intel Xeon(Granite Rapids) 6986P-C","-","-","12.16","5836.8","70041.6","140083.2","210124.8","华东2（上海）"
"ecs.hfr4i.12xlarge","48核","384GiB","Intel Xeon(Granite Rapids) 6986P-C","-","-","18.24","8755.2","105062.4","210124.8","315187.2","华北2（北京）"
"ecs.hfr4i.12xlarge","48核","384GiB","Intel Xeon(Granite Rapids) 6986P-C","-","-","18.24","8755.2","105062.4","210124.8","315187.2","华南1（广州）"
"ecs.hfr4i.12xlarge","48核","384GiB","Intel Xeon(Granite Rapids) 6986P-C","-","-","18.24","8755.2","105062.4","210124.8","315187.2","华东2（上海）"
"ecs.hfr4i.16xlarge","64核","512GiB","Intel Xeon(Granite Rapids) 6986P-C","-","-","24.32","11673.6","140083.2","280166.4","420249.6","华北2（北京）"
"ecs.hfr4i.16xlarge","64核","512GiB","Intel Xeon(Granite Rapids) 6986P-C","-","-","24.32","11673.6","140083.2","280166.4","420249.6","华南1（广州）"
"ecs.hfr4i.16xlarge","64核","512GiB","Intel Xeon(Granite Rapids) 6986P-C","-","-","24.32","11673.6","140083.2","280166.4","420249.6","华东2（上海）"
"ecs.hfr4i.18xlarge","72核","576GiB","Intel Xeon(Granite Rapids) 6986P-C","-","-","27.36","13132.8","157593.6","315187.2","472780.8","华北2（北京）"
"ecs.hfr4i.18xlarge","72核","576GiB","Intel Xeon(Granite Rapids) 6986P-C","-","-","27.36","13132.8","157593.6","315187.2","472780.8","华南1（广州）"
"ecs.hfr4i.18xlarge","72核","576GiB","Intel Xeon(Granite Rapids) 6986P-C","-","-","27.36","13132.8","157593.6","315187.2","472780.8","华东2（上海）"
"ecs.hfr4i.24xlarge","96核","768GiB","Intel Xeon(Granite Rapids) 6986P-C","-","-","36.48","17510.4","210124.8","420249.6","630374.4","华北2（北京）"
"ecs.hfr4i.24xlarge","96核","768GiB","Intel Xeon(Granite Rapids) 6986P-C","-","-","36.48","17510.4","210124.8","420249.6","630374.4","华南1（广州）"
"ecs.hfr4i.24xlarge","96核","768GiB","Intel Xeon(Granite Rapids) 6986P-C","-","-","36.48","17510.4","210124.8","420249.6","630374.4","华东2（上海）"
"ecs.hfr4i.36xlarge","144核","1152GiB","Intel Xeon(Granite Rapids) 6986P-C","-","-","54.72","26265.6","315187.2","630374.4","945561.6","华北2（北京）"
"ecs.hfr4i.36xlarge","144核","1152GiB","Intel Xeon(Granite Rapids) 6986P-C","-","-","54.72","26265.6","315187.2","630374.4","945561.6","华南1（广州）"
"ecs.hfr4i.36xlarge","144核","1152GiB","Intel Xeon(Granite Rapids) 6986P-C","-","-","54.72","26265.6","315187.2","630374.4","945561.6","华东2（上海）"
"ecs.g1tl.4xlarge","16核","64GiB","Intel Xeon(Cascade Lake) Platinum 8260","NVIDIA T4 * 1","16GB * 1","15.22949","4386.09","52633.1","105266.21","157899.31","华东2（上海）"
"ecs.g1tl.4xlarge","16核","64GiB","Intel Xeon(Cascade Lake) Platinum 8260","NVIDIA T4 * 1","16GB * 1","15.22949","4386.09","52633.1","105266.21","157899.31","华南1（广州）"
"ecs.g1tl.4xlarge","16核","64GiB","Intel Xeon(Cascade Lake) Platinum 8260","NVIDIA T4 * 1","16GB * 1","15.229485","4386.09","52633.1","105266.2","157899.3","华北2（北京）"
"ecs.g1tl.8xlarge","32核","128GiB","Intel Xeon(Cascade Lake) Platinum 8260","NVIDIA T4 * 2","16GB * 2","30.45897","8772.18","105266.2","210532.39","315798.59","华东2（上海）"
"ecs.g1tl.8xlarge","32核","128GiB","Intel Xeon(Cascade Lake) Platinum 8260","NVIDIA T4 * 2","16GB * 2","30.45897","8772.18","105266.2","210532.39","315798.59","华南1（广州）"
"ecs.g1tl.8xlarge","32核","128GiB","Intel Xeon(Cascade Lake) Platinum 8260","NVIDIA T4 * 2","16GB * 2","30.45897","8772.18","105266.2","210532.4","315798.6","华北2（北京）"
"ecs.g1tl.16xlarge","64核","256GiB","Intel Xeon(Cascade Lake) Platinum 8260","NVIDIA T4 * 4","16GB * 4","60.91794","17544.37","210532.4","421064.8","631597.2","华北2（北京）"
"ecs.g1tl.16xlarge","64核","256GiB","Intel Xeon(Cascade Lake) Platinum 8260","NVIDIA T4 * 4","16GB * 4","60.91794","17544.37","210532.44","421064.88","631597.32","华南1（广州）"
"ecs.g1tl.16xlarge","64核","256GiB","Intel Xeon(Cascade Lake) Platinum 8260","NVIDIA T4 * 4","16GB * 4","60.91794","17544.37","210532.44","421064.88","631597.32","华东2（上海）"
"ecs.g1tl.21xlarge","84核","342GiB","Intel Xeon(Cascade Lake) Platinum 8260","NVIDIA T4 * 4","16GB * 4","75.2875","21682.81","260193.67","520387.34","780581.01","华北2（北京）"
"ecs.g1tl.21xlarge","84核","342GiB","Intel Xeon(Cascade Lake) Platinum 8260","NVIDIA T4 * 4","16GB * 4","75.2875","21682.81","260193.72","520387.44","780581.16","华南1（广州）"
"ecs.g1tl.21xlarge","84核","342GiB","Intel Xeon(Cascade Lake) Platinum 8260","NVIDIA T4 * 4","16GB * 4","75.2875","21682.81","260193.72","520387.44","780581.16","华东2（上海）"
"ecs.g4als.large","2核","8GiB","AMD EPYC(Turin dense) 9Y95","-","-","0.4101","196.83","2361.92","4723.84","7085.76","华北2（北京）"
"ecs.g4als.large","2核","8GiB","AMD EPYC(Turin dense) 9Y95","-","-","0.4101","196.83","2361.92","4723.84","7085.76","华东2（上海）"
"ecs.g4als.xlarge","4核","16GiB","AMD EPYC(Turin dense) 9Y95","-","-","0.8201","393.65","4723.84","9447.69","14171.53","华北2（北京）"
"ecs.g4als.xlarge","4核","16GiB","AMD EPYC(Turin dense) 9Y95","-","-","0.8201","393.65","4723.84","9447.69","14171.53","华东2（上海）"
"ecs.g4als.2xlarge","8核","32GiB","AMD EPYC(Turin dense) 9Y95","-","-","1.6402","787.31","9447.69","18895.37","28343.06","华北2（北京）"
"ecs.g4als.2xlarge","8核","32GiB","AMD EPYC(Turin dense) 9Y95","-","-","1.6402","787.31","9447.69","18895.37","28343.06","华东2（上海）"
"ecs.g4als.4xlarge","16核","64GiB","AMD EPYC(Turin dense) 9Y95","-","-","3.2804","1574.61","18895.37","37790.75","56686.12","华北2（北京）"
"ecs.g4als.4xlarge","16核","64GiB","AMD EPYC(Turin dense) 9Y95","-","-","3.2804","1574.61","18895.37","37790.75","56686.12","华东2（上海）"
"ecs.g4als.8xlarge","32核","128GiB","AMD EPYC(Turin dense) 9Y95","-","-","6.5609","3149.23","37790.75","75581.49","113372.24","华北2（北京）"
"ecs.g4als.8xlarge","32核","128GiB","AMD EPYC(Turin dense) 9Y95","-","-","6.5609","3149.23","37790.75","75581.49","113372.24","华东2（上海）"
"ecs.g4als.12xlarge","48核","192GiB","AMD EPYC(Turin dense) 9Y95","-","-","9.8413","4723.84","56686.12","113372.24","170058.36","华北2（北京）"
"ecs.g4als.12xlarge","48核","192GiB","AMD EPYC(Turin dense) 9Y95","-","-","9.8413","4723.84","56686.12","113372.24","170058.36","华东2（上海）"
"ecs.g4als.16xlarge","64核","256GiB","AMD EPYC(Turin dense) 9Y95","-","-","13.1218","6298.46","75581.49","151162.98","226744.47","华北2（北京）"
"ecs.g4als.16xlarge","64核","256GiB","AMD EPYC(Turin dense) 9Y95","-","-","13.1218","6298.46","75581.49","151162.98","226744.47","华东2（上海）"
"ecs.g4als.32xlarge","128核","512GiB","AMD EPYC(Turin dense) 9Y95","-","-","26.2436","12596.92","151162.98","302325.96","453488.95","华北2（北京）"
"ecs.g4als.32xlarge","128核","512GiB","AMD EPYC(Turin dense) 9Y95","-","-","26.2436","12596.92","151162.98","302325.96","453488.95","华东2（上海）"
"ecs.g4als.46xlarge3","184核","538GiB","AMD EPYC(Turin dense) 9Y95","-","-","31.5153","15127.34","181528.07","363056.14","544584.21","华北2（北京）"
"ecs.g4als.46xlarge3","184核","538GiB","AMD EPYC(Turin dense) 9Y95","-","-","31.5153","15127.34","181528.07","363056.14","544584.21","华东2（上海）"
"ecs.c4als.large","2核","4GiB","AMD EPYC(Turin dense) 9Y95","-","-","0.2734","131.23","1574.75","3149.5","4724.25","华东2（上海）"
"ecs.c4als.large","2核","4GiB","AMD EPYC(Turin dense) 9Y95","-","-","0.2734","131.23","1574.75","3149.5","4724.25","华北2（北京）"
"ecs.c4als.xlarge","4核","8GiB","AMD EPYC(Turin dense) 9Y95","-","-","0.5468","262.46","3149.5","6299","9448.5","华东2（上海）"
"ecs.c4als.xlarge","4核","8GiB","AMD EPYC(Turin dense) 9Y95","-","-","0.5468","262.46","3149.5","6299","9448.5","华北2（北京）"
"ecs.c4als.2xlarge","8核","16GiB","AMD EPYC(Turin dense) 9Y95","-","-","1.0936","524.92","6299","12598","18897","华东2（上海）"
"ecs.c4als.2xlarge","8核","16GiB","AMD EPYC(Turin dense) 9Y95","-","-","1.0936","524.92","6299","12598","18897","华北2（北京）"
"ecs.c4als.4xlarge","16核","32GiB","AMD EPYC(Turin dense) 9Y95","-","-","2.1872","1049.83","12598","25196.01","37794.01","华东2（上海）"
"ecs.c4als.4xlarge","16核","32GiB","AMD EPYC(Turin dense) 9Y95","-","-","2.1872","1049.83","12598","25196.01","37794.01","华北2（北京）"
"ecs.c4als.8xlarge","32核","64GiB","AMD EPYC(Turin dense) 9Y95","-","-","4.3743","2099.67","25196.01","50392.01","75588.02","华东2（上海）"
"ecs.c4als.8xlarge","32核","64GiB","AMD EPYC(Turin dense) 9Y95","-","-","4.3743","2099.67","25196.01","50392.01","75588.02","华北2（北京）"
"ecs.c4als.12xlarge","48核","96GiB","AMD EPYC(Turin dense) 9Y95","-","-","6.5615","3149.5","37794.01","75588.02","113382.03","华东2（上海）"
"ecs.c4als.12xlarge","48核","96GiB","AMD EPYC(Turin dense) 9Y95","-","-","6.5615","3149.5","37794.01","75588.02","113382.03","华北2（北京）"
"ecs.c4als.16xlarge","64核","128GiB","AMD EPYC(Turin dense) 9Y95","-","-","8.7486","4199.33","50392.01","100784.03","151176.04","华东2（上海）"
"ecs.c4als.16xlarge","64核","128GiB","AMD EPYC(Turin dense) 9Y95","-","-","8.7486","4199.33","50392.01","100784.03","151176.04","华北2（北京）"
"ecs.c4als.32xlarge","128核","256GiB","AMD EPYC(Turin dense) 9Y95","-","-","17.4972","8398.67","100784.03","201568.05","302352.08","华东2（上海）"
"ecs.c4als.32xlarge","128核","256GiB","AMD EPYC(Turin dense) 9Y95","-","-","17.4972","8398.67","100784.03","201568.05","302352.08","华北2（北京）"
"ecs.g4ale.large","2核","8GiB","AMD EPYC(Turin dense) 9Y95","-","-","0.5612","269.36","3232.26","6464.52","9696.79","华北2（北京）"
"ecs.g4ale.large","2核","8GiB","AMD EPYC(Turin dense) 9Y95","-","-","0.5612","269.36","3232.26","6464.52","9696.79","华东2（上海）"
"ecs.g4ale.xlarge","4核","16GiB","AMD EPYC(Turin dense) 9Y95","-","-","1.1223","538.71","6464.52","12929.05","19393.57","华北2（北京）"
"ecs.g4ale.xlarge","4核","16GiB","AMD EPYC(Turin dense) 9Y95","-","-","1.1223","538.71","6464.52","12929.05","19393.57","华东2（上海）"
"ecs.g4ale.2xlarge","8核","32GiB","AMD EPYC(Turin dense) 9Y95","-","-","2.2446","1077.42","12929.05","25858.1","38787.15","华北2（北京）"
"ecs.g4ale.2xlarge","8核","32GiB","AMD EPYC(Turin dense) 9Y95","-","-","2.2446","1077.42","12929.05","25858.1","38787.15","华东2（上海）"
"ecs.g4ale.4xlarge","16核","64GiB","AMD EPYC(Turin dense) 9Y95","-","-","4.4893","2154.84","25858.1","51716.2","77574.3","华北2（北京）"
"ecs.g4ale.4xlarge","16核","64GiB","AMD EPYC(Turin dense) 9Y95","-","-","4.4893","2154.84","25858.1","51716.2","77574.3","华东2（上海）"
"ecs.g4ale.8xlarge","32核","128GiB","AMD EPYC(Turin dense) 9Y95","-","-","8.9785","4309.68","51716.2","103432.4","155148.6","华北2（北京）"
"ecs.g4ale.8xlarge","32核","128GiB","AMD EPYC(Turin dense) 9Y95","-","-","8.9785","4309.68","51716.2","103432.4","155148.6","华东2（上海）"
"ecs.g4ale.12xlarge","48核","192GiB","AMD EPYC(Turin dense) 9Y95","-","-","13.4678","6464.52","77574.3","155148.6","232722.89","华北2（北京）"
"ecs.g4ale.12xlarge","48核","192GiB","AMD EPYC(Turin dense) 9Y95","-","-","13.4678","6464.52","77574.3","155148.6","232722.89","华东2（上海）"
"ecs.g4ale.16xlarge","64核","256GiB","AMD EPYC(Turin dense) 9Y95","-","-","17.957","8619.37","103432.4","206864.79","310297.19","华北2（北京）"
"ecs.g4ale.16xlarge","64核","256GiB","AMD EPYC(Turin dense) 9Y95","-","-","17.957","8619.37","103432.4","206864.79","310297.19","华东2（上海）"
"ecs.g4ale.32xlarge","128核","512GiB","AMD EPYC(Turin dense) 9Y95","-","-","35.914","17238.73","206864.79","413729.59","620594.38","华北2（北京）"
"ecs.g4ale.32xlarge","128核","512GiB","AMD EPYC(Turin dense) 9Y95","-","-","35.914","17238.73","206864.79","413729.59","620594.38","华东2（上海）"
"ecs.c4ale.large","2核","4GiB","AMD EPYC(Turin dense) 9Y95","-","-","0.4259","204.43","2453.16","4906.32","7359.49","华东2（上海）"
"ecs.c4ale.large","2核","4GiB","AMD EPYC(Turin dense) 9Y95","-","-","0.4259","204.43","2453.16","4906.32","7359.49","华北2（北京）"
"ecs.c4ale.xlarge","4核","8GiB","AMD EPYC(Turin dense) 9Y95","-","-","0.8518","408.86","4906.32","9812.65","14718.97","华东2（上海）"
"ecs.c4ale.xlarge","4核","8GiB","AMD EPYC(Turin dense) 9Y95","-","-","0.8518","408.86","4906.32","9812.65","14718.97","华北2（北京）"
"ecs.c4ale.2xlarge","8核","16GiB","AMD EPYC(Turin dense) 9Y95","-","-","1.7036","817.72","9812.65","19625.3","29437.95","华东2（上海）"
"ecs.c4ale.2xlarge","8核","16GiB","AMD EPYC(Turin dense) 9Y95","-","-","1.7036","817.72","9812.65","19625.3","29437.95","华北2（北京）"
"ecs.c4ale.4xlarge","16核","32GiB","AMD EPYC(Turin dense) 9Y95","-","-","3.4072","1635.44","19625.3","39250.6","58875.9","华东2（上海）"
"ecs.c4ale.4xlarge","16核","32GiB","AMD EPYC(Turin dense) 9Y95","-","-","3.4072","1635.44","19625.3","39250.6","58875.9","华北2（北京）"
"ecs.c4ale.8xlarge","32核","64GiB","AMD EPYC(Turin dense) 9Y95","-","-","6.8143","3270.88","39250.6","78501.2","117751.8","华东2（上海）"
"ecs.c4ale.8xlarge","32核","64GiB","AMD EPYC(Turin dense) 9Y95","-","-","6.8143","3270.88","39250.6","78501.2","117751.8","华北2（北京）"
"ecs.c4ale.12xlarge","48核","96GiB","AMD EPYC(Turin dense) 9Y95","-","-","10.2215","4906.32","58875.9","117751.8","176627.69","华东2（上海）"
"ecs.c4ale.12xlarge","48核","96GiB","AMD EPYC(Turin dense) 9Y95","-","-","10.2215","4906.32","58875.9","117751.8","176627.69","华北2（北京）"
"ecs.c4ale.16xlarge","64核","128GiB","AMD EPYC(Turin dense) 9Y95","-","-","13.6287","6541.77","78501.2","157002.39","235503.59","华东2（上海）"
"ecs.c4ale.16xlarge","64核","128GiB","AMD EPYC(Turin dense) 9Y95","-","-","13.6287","6541.77","78501.2","157002.39","235503.59","华北2（北京）"
"ecs.c4ale.32xlarge","128核","256GiB","AMD EPYC(Turin dense) 9Y95","-","-","27.2574","13083.53","157002.39","314004.79","471007.18","华东2（上海）"
"ecs.c4ale.32xlarge","128核","256GiB","AMD EPYC(Turin dense) 9Y95","-","-","27.2574","13083.53","157002.39","314004.79","471007.18","华北2（北京）"
"ecs.r4ale.large","2核","16GiB","AMD EPYC(Turin dense) 9Y95","-","-","0.8445","405.36","4864.28","9728.56","14592.84","华东2（上海）"
"ecs.r4ale.large","2核","16GiB","AMD EPYC(Turin dense) 9Y95","-","-","0.8445","405.36","4864.28","9728.56","14592.84","华北2（北京）"
"ecs.r4ale.xlarge","4核","32GiB","AMD EPYC(Turin dense) 9Y95","-","-","1.689","810.71","9728.56","19457.13","29185.69","华东2（上海）"
"ecs.r4ale.xlarge","4核","32GiB","AMD EPYC(Turin dense) 9Y95","-","-","1.689","810.71","9728.56","19457.13","29185.69","华北2（北京）"
"ecs.r4ale.2xlarge","8核","64GiB","AMD EPYC(Turin dense) 9Y95","-","-","3.378","1621.43","19457.13","38914.25","58371.38","华东2（上海）"
"ecs.r4ale.2xlarge","8核","64GiB","AMD EPYC(Turin dense) 9Y95","-","-","3.378","1621.43","19457.13","38914.25","58371.38","华北2（北京）"
"ecs.r4ale.4xlarge","16核","128GiB","AMD EPYC(Turin dense) 9Y95","-","-","6.7559","3242.85","38914.25","77828.51","116742.76","华东2（上海）"
"ecs.r4ale.4xlarge","16核","128GiB","AMD EPYC(Turin dense) 9Y95","-","-","6.7559","3242.85","38914.25","77828.51","116742.76","华北2（北京）"
"ecs.r4ale.8xlarge","32核","256GiB","AMD EPYC(Turin dense) 9Y95","-","-","13.5119","6485.71","77828.51","155657.01","233485.52","华东2（上海）"
"ecs.r4ale.8xlarge","32核","256GiB","AMD EPYC(Turin dense) 9Y95","-","-","13.5119","6485.71","77828.51","155657.01","233485.52","华北2（北京）"
"ecs.r4ale.12xlarge","48核","384GiB","AMD EPYC(Turin dense) 9Y95","-","-","20.2678","9728.56","116742.76","233485.52","350228.28","华东2（上海）"
"ecs.r4ale.12xlarge","48核","384GiB","AMD EPYC(Turin dense) 9Y95","-","-","20.2678","9728.56","116742.76","233485.52","350228.28","华北2（北京）"
"ecs.r4ale.16xlarge","64核","512GiB","AMD EPYC(Turin dense) 9Y95","-","-","27.0238","12971.42","155657.01","311314.02","466971.03","华东2（上海）"
"ecs.r4ale.16xlarge","64核","512GiB","AMD EPYC(Turin dense) 9Y95","-","-","27.0238","12971.42","155657.01","311314.02","466971.03","华北2（北京）"
"ecs.r4ale.32xlarge","128核","1024GiB","AMD EPYC(Turin dense) 9Y95","-","-","54.0476","25942.84","311314.02","622628.04","933942.07","华东2（上海）"
"ecs.r4ale.32xlarge","128核","1024GiB","AMD EPYC(Turin dense) 9Y95","-","-","54.0476","25942.84","311314.02","622628.04","933942.07","华北2（北京）"
"ecs.i4ag.12xlarge","48核","192GiB","AMD EPYC Genoa 9Y24","-","-","14.1249","6779.97","81359.59","162719.18","244078.77","华东2（上海）"
"ecs.i4ag.12xlarge","48核","192GiB","AMD EPYC Genoa 9Y24","-","-","20.8061","11523.37","138280.38","276560.77","414841.15","中国香港"
"ecs.i4ag.12xlarge","48核","192GiB","AMD EPYC Genoa 9Y24","-","-","14.1249","6779.97","81359.59","162719.18","244078.77","华北2（北京）"
"ecs.i4ag.12xlarge","48核","192GiB","AMD EPYC Genoa 9Y24","-","-","19.0895","10572.66","126871.89","253743.77","380615.66","亚太东南（雅加达）"
"ecs.i4ag.12xlarge","48核","192GiB","AMD EPYC Genoa 9Y24","-","-","14.4359","7995.26","95943.15","191886.31","287829.46","亚太东南（柔佛）"
"ecs.i4ag.16xlarge","64核","256GiB","AMD EPYC Genoa 9Y24","-","-","18.8332","9039.95","108479.45","216958.9","325438.35","华东2（上海）"
"ecs.i4ag.16xlarge","64核","256GiB","AMD EPYC Genoa 9Y24","-","-","27.7414","15364.49","184373.85","368747.69","553121.54","中国香港"
"ecs.i4ag.16xlarge","64核","256GiB","AMD EPYC Genoa 9Y24","-","-","18.8332","9039.95","108479.45","216958.9","325438.35","华北2（北京）"
"ecs.i4ag.16xlarge","64核","256GiB","AMD EPYC Genoa 9Y24","-","-","25.4527","14096.88","169162.51","338325.03","507487.54","亚太东南（雅加达）"
"ecs.i4ag.16xlarge","64核","256GiB","AMD EPYC Genoa 9Y24","-","-","19.2479","10660.35","127924.21","255848.41","383772.62","亚太东南（柔佛）"
"ecs.i4ag.24xlarge","96核","384GiB","AMD EPYC Genoa 9Y24","-","-","28.2499","13559.93","162719.18","325438.35","488157.53","华东2（上海）"
"ecs.i4ag.24xlarge","96核","384GiB","AMD EPYC Genoa 9Y24","-","-","41.6122","23046.73","276560.77","553121.54","829682.31","中国香港"
"ecs.i4ag.24xlarge","96核","384GiB","AMD EPYC Genoa 9Y24","-","-","28.2499","13559.93","162719.18","325438.35","488157.53","华北2（北京）"
"ecs.i4ag.24xlarge","96核","384GiB","AMD EPYC Genoa 9Y24","-","-","38.179","21145.31","253743.77","507487.54","761231.31","亚太东南（雅加达）"
"ecs.i4ag.24xlarge","96核","384GiB","AMD EPYC Genoa 9Y24","-","-","28.8718","15990.53","191886.31","383772.62","575658.93","亚太东南（柔佛）"
"ecs.i4ag.32xlarge","128核","512GiB","AMD EPYC Genoa 9Y24","-","-","37.6665","18079.91","216958.9","433917.8","650876.71","华东2（上海）"
"ecs.i4ag.32xlarge","128核","512GiB","AMD EPYC Genoa 9Y24","-","-","55.4829","30728.97","368747.69","737495.38","1106243.07","中国香港"
"ecs.i4ag.32xlarge","128核","512GiB","AMD EPYC Genoa 9Y24","-","-","37.6665","18079.91","216958.9","433917.8","650876.71","华北2（北京）"
"ecs.i4ag.32xlarge","128核","512GiB","AMD EPYC Genoa 9Y24","-","-","50.9054","28193.75","338325.03","676650.06","1014975.09","亚太东南（雅加达）"
"ecs.i4ag.32xlarge","128核","512GiB","AMD EPYC Genoa 9Y24","-","-","38.4957","21320.7","255848.41","511696.83","767545.24","亚太东南（柔佛）"
"ecs.i4ag.48xlarge","192核","768GiB","AMD EPYC Genoa 9Y24","-","-","56.4997","27119.86","325438.35","650876.7","976315.06","华东2（上海）"
"ecs.i4ag.48xlarge","192核","768GiB","AMD EPYC Genoa 9Y24","-","-","83.2243","46093.46","553121.54","1106243.07","1659364.61","中国香港"
"ecs.i4ag.48xlarge","192核","768GiB","AMD EPYC Genoa 9Y24","-","-","56.4997","27119.86","325438.35","650876.7","976315.06","华北2（北京）"
"ecs.i4ag.48xlarge","192核","768GiB","AMD EPYC Genoa 9Y24","-","-","76.3581","42290.63","507487.54","1014975.09","1522462.63","亚太东南（雅加达）"
"ecs.i4ag.48xlarge","192核","768GiB","AMD EPYC Genoa 9Y24","-","-","57.7436","31981.05","383772.62","767545.24","1151317.86","亚太东南（柔佛）"
,
,
,
vCPU数量,按量计费 (元/vCPU/小时),包月（元/vCPU/月）,地域
"1 ~ 2 vCPU","0.41","159","亚太东南（柔佛）"
"1 ~ 2 vCPU","0.41","159","亚太东南（雅加达）"
"1 ~ 2 vCPU","0.41","159","华北2（北京）"
"1 ~ 2 vCPU","0.41","159","华南1（广州）"
"1 ~ 2 vCPU","0.41","159","中国香港"
"1 ~ 2 vCPU","0.41","159","华东2（上海）"
"3 ~ 4 vCPU","0.82","326","华东2（上海）"
"3 ~ 4 vCPU","0.82","326","中国香港"
"3 ~ 4 vCPU","0.82","326","华南1（广州）"
"3 ~ 4 vCPU","0.82","326","华北2（北京）"
"3 ~ 4 vCPU","0.82","326","亚太东南（雅加达）"
"3 ~ 4 vCPU","0.82","326","亚太东南（柔佛）"
"5 vCPU及以上","0.99","381","亚太东南（柔佛）"
"5 vCPU及以上","0.99","381","亚太东南（雅加达）"
"5 vCPU及以上","0.99","381","华北2（北京）"
"5 vCPU及以上","0.99","381","华南1（广州）"
"5 vCPU及以上","0.99","381","中国香港"
"5 vCPU及以上","0.99","381","华东2（上海）"
,
,
,
vCPU数量,按量计费 (元/vCPU/小时),包月（元/vCPU/月）,地域
"1 ~ 8 vCPU；9 ~ 127 vCPU；128 vCPU及以上","[0, 8], 0.1041；(8, 127], 0.0781；(127, +∞), 0.0694","[0, 8], 70.43；(8, 127], 52.82；(127, +∞), 45.78","华东2（上海）"
"1 ~ 8 vCPU；9 ~ 127 vCPU；128 vCPU及以上","[0, 8], 0.1041；(8, 127], 0.0781；(127, +∞), 0.0694","[0, 8], 70.43；(8, 127], 52.82；(127, +∞), 45.78","中国香港"
"1 ~ 8 vCPU；9 ~ 127 vCPU；128 vCPU及以上","[0, 8], 0.1041；(8, 127], 0.0781；(127, +∞), 0.0694","[0, 8], 70.43；(8, 127], 52.82；(127, +∞), 45.78","华南1（广州）"
"1 ~ 8 vCPU；9 ~ 127 vCPU；128 vCPU及以上","[0, 8], 0.1041；(8, 127], 0.0781；(127, +∞), 0.0694","[0, 8], 70.43；(8, 127], 52.82；(127, +∞), 45.78","华北2（北京）"
"1 ~ 8 vCPU；9 ~ 127 vCPU；128 vCPU及以上","[0, 8], 0.1041；(8, 127], 0.0781；(127, +∞), 0.0694","[0, 8], 70.43；(8, 127], 52.82；(127, +∞), 45.78","亚太东南（雅加达）"
"1 ~ 8 vCPU；9 ~ 127 vCPU；128 vCPU及以上","[0, 8], 0.1041；(8, 127], 0.0781；(127, +∞), 0.0694","[0, 8], 70.43；(8, 127], 52.82；(127, +∞), 45.78","亚太东南（柔佛）"
,
,
,
类型,计费项,步长规格,单盘最大IOPS/最大吞吐量,容量范围,按量计费 (小时),包月,包1年,包2年,包3年,地域
"系统盘-极速型SSD PL0","容量 ","1GiB","1万/180MBps","20-2048（GiB）","0.000836","0.54","6.48","12.96","19.44","亚太东南（雅加达）"
"系统盘-极速型SSD PL0","容量 ","1GiB","1万/180MBps","20-2048（GiB）","0.00165","0.75","9","18","27","亚太东南（柔佛）"
"系统盘-极速型SSD PL0","容量 ","1GiB","1万/180MBps","20-2048（GiB）","0.00105","0.5","6","12","18","华东2（上海）"
"系统盘-极速型SSD PL0","容量 ","1GiB","1万/180MBps","20-2048（GiB）","0.00105","0.5","6","12","18","华北2（北京）"
"系统盘-极速型SSD PL0","容量 ","1GiB","1万/180MBps","20-2048（GiB）","0.00105","0.5","6","12","18","华南1（广州）"
"系统盘-极速型SSD PL0","容量 ","1GiB","1万/180MBps","20-2048（GiB）","0.00092","0.57","6.84","13.68","20.52","中国香港"
"系统盘-极速型SSD FlexPL","容量","1GiB","总性能：10万/1000MBps（基准性能：5万/350MBps        额外性能：5万/650MBps）","20-2048（GiB）","0.0033","1.5","18","36","54","亚太东南（柔佛）"
"系统盘-极速型SSD FlexPL","容量","1GiB","总性能：10万/1000MBps（基准性能：5万/350MBps        额外性能：5万/650MBps）","20-2048（GiB）","0.0021","1","12","24","36","华东2（上海）"
"系统盘-极速型SSD FlexPL","容量","1GiB","总性能：10万/1000MBps（基准性能：5万/350MBps        额外性能：5万/650MBps）","20-2048（GiB）","0.0021","1","12","24","36","华南1（广州）"
"系统盘-极速型SSD FlexPL","容量","1GiB","总性能：10万/1000MBps（基准性能：5万/350MBps        额外性能：5万/650MBps）","20-2048（GiB）","0.0021","1","12","24","36","华北2（北京）"
"系统盘-极速型SSD FlexPL","容量","1GiB","总性能：10万/1000MBps（基准性能：5万/350MBps        额外性能：5万/650MBps）","20-2048（GiB）","0.001839","1.13","13.56","27.12","40.68","中国香港"
"系统盘-极速型SSD FlexPL","容量","1GiB","总性能：10万/1000MBps（基准性能：5万/350MBps        额外性能：5万/650MBps）","20-2048（GiB）","0.001672","1.0796","12.9552","25.9104","38.8656","亚太东南（雅加达）"
"系统盘-极速型SSD FlexPL","【均衡型】预配置额外性能-IOPS","1","-","0-50000","0.0000325","0.0234","0.2808","0.5616","0.8424","中国香港"
"系统盘-极速型SSD FlexPL","【均衡型】预配置额外性能-IOPS","1","-","0-50000","0.0000488","0.0351","0.4212","0.8424","1.2636","亚太东南（柔佛）"
"系统盘-极速型SSD FlexPL","【均衡型】预配置额外性能-IOPS","1","-","0-50000","0.0000325","0.0234","0.2808","0.5616","0.8424","华北2（北京）"
"系统盘-极速型SSD FlexPL","【均衡型】预配置额外性能-IOPS","1","-","0-50000","0.0000325","0.0234","0.2808","0.5616","0.8424","华南1（广州）"
"系统盘-极速型SSD FlexPL","【均衡型】预配置额外性能-IOPS","1","-","0-50000","0.0000325","0.0234","0.2808","0.5616","0.8424","华东2（上海）"
"系统盘-极速型SSD FlexPL","【均衡型】预配置额外性能-IOPS","1","-","0-50000","0.000025876","0.0253","0.3032","0.6063","0.9095","亚太东南（雅加达）"
"系统盘-极速型SSD FlexPL","【IOPS型】预配置额外性能-IOPS","1","-","0-50000","0.0000417","0.03","0.36","0.72","1.08","亚太东南（柔佛）"
"系统盘-极速型SSD FlexPL","【IOPS型】预配置额外性能-IOPS","1","-","0-50000","0.0000278","0.02","0.24","0.48","0.72","华北2（北京）"
"系统盘-极速型SSD FlexPL","【IOPS型】预配置额外性能-IOPS","1","-","0-50000","0.0000278","0.02","0.24","0.48","0.72","华南1（广州）"
"系统盘-极速型SSD FlexPL","【IOPS型】预配置额外性能-IOPS","1","-","0-50000","0.0000278","0.02","0.24","0.48","0.72","华东2（上海）"
"系统盘-极速型SSD FlexPL","【IOPS型】预配置额外性能-IOPS","1","-","0-50000","0.0000278","0.02","0.24","0.48","0.72","中国香港"
"系统盘-极速型SSD FlexPL","【IOPS型】预配置额外性能-IOPS","1","-","0-50000","0.000022134","0.0216","0.2591","0.5182","0.7773","亚太东南（雅加达）"
"系统盘-极速型SSD FlexPL","【吞吐量型】预配置额外性能-吞吐量","1MBps","-","0-650 MBps",-,"2.5","30","60","90","华东2（上海）"
"系统盘-极速型SSD FlexPL","【吞吐量型】预配置额外性能-吞吐量","1MBps","-","0-650 MBps",-,"2.5","30","60","90","中国香港"
"系统盘-极速型SSD FlexPL","【吞吐量型】预配置额外性能-吞吐量","1MBps","-","0-650 MBps",-,"3.75","45","90","135","亚太东南（柔佛）"
"系统盘-极速型SSD FlexPL","【吞吐量型】预配置额外性能-吞吐量","1MBps","-","0-650 MBps",-,"2.5","30","60","90","华北2（北京）"
"系统盘-极速型SSD FlexPL","【吞吐量型】预配置额外性能-吞吐量","1MBps","-","0-650 MBps",-,"2.5","30","60","90","华南1（广州）"
"系统盘-极速型SSD FlexPL","【吞吐量型】预配置额外性能-吞吐量","1MBps","-","0-650 MBps",-,"2.699","32.388","64.776","97.164","亚太东南（雅加达）"
"吞吐型SSD TL0","容量          ","1GiB","2万/1GBps","40-2048（GiB）","0.001162438","0.756","9.072","18.144","27.216","亚太东南（雅加达）"
"吞吐型SSD TL0","容量          ","1GiB","2万/1GBps","40-2048（GiB）","0.00146","0.7","8.4","16.8","25.2","华东2（上海）"
"吞吐型SSD TL0","容量          ","1GiB","2万/1GBps","40-2048（GiB）","0.00146","0.7","8.4","16.8","25.2","华南1（广州）"
"吞吐型SSD TL0","容量          ","1GiB","2万/1GBps","40-2048（GiB）","0.00146","0.7","8.4","16.8","25.2","华北2（北京）"
"吞吐型SSD TL0","容量          ","1GiB","2万/1GBps","40-2048（GiB）","0.0022","1.05","12.6","25.2","37.8","亚太东南（柔佛）"
"吞吐型SSD TL0","容量          ","1GiB","2万/1GBps","40-2048（GiB）","0.00146","0.7","8.4","16.8","25.2","中国香港"
"吞吐型SSD TL0","【吞吐量型】预配置额外性能-吞吐量          ","1","-","取值范围随云盘容量变化","0.002770743","1.89","22.68","45.36","68.04","亚太东南（雅加达）"
"吞吐型SSD TL0","【吞吐量型】预配置额外性能-吞吐量          ","1","-","取值范围随云盘容量变化","0.00348","1.75","21","42","63","华东2（上海）"
"吞吐型SSD TL0","【吞吐量型】预配置额外性能-吞吐量          ","1","-","取值范围随云盘容量变化","0.00348","1.75","21","42","63","华南1（广州）"
"吞吐型SSD TL0","【吞吐量型】预配置额外性能-吞吐量          ","1","-","取值范围随云盘容量变化","0.00348","1.75","21","42","63","华北2（北京）"
"吞吐型SSD TL0","【吞吐量型】预配置额外性能-吞吐量          ","1","-","取值范围随云盘容量变化","0.00522","2.625","31.5","63","94.5","亚太东南（柔佛）"
"吞吐型SSD TL0","【吞吐量型】预配置额外性能-吞吐量          ","1","-","取值范围随云盘容量变化","0.00348","1.75","21","42","63","中国香港"
,
,
,
类型,计费项,步长规格,单盘最大IOPS/最大吞吐量,容量范围,按量计费 (小时),包月,包1年,包2年,包3年,地域
"数据盘-极速型SSD PL0","容量 ","1GiB","1万/180MBps","10-65536（GiB）","0.000836","0.54","6.48","12.96","19.44","亚太东南（雅加达）"
"数据盘-极速型SSD PL0","容量 ","1GiB","1万/180MBps","10-65536（GiB）","0.00092","0.57","6.84","13.68","20.52","中国香港"
"数据盘-极速型SSD PL0","容量 ","1GiB","1万/180MBps","10-65536（GiB）","0.00105","0.5","6","12","18","华南1（广州）"
"数据盘-极速型SSD PL0","容量 ","1GiB","1万/180MBps","10-65536（GiB）","0.00105","0.5","6","12","18","华北2（北京）"
"数据盘-极速型SSD PL0","容量 ","1GiB","1万/180MBps","10-65536（GiB）","0.00105","0.5","6","12","18","华东2（上海）"
"数据盘-极速型SSD PL0","容量 ","1GiB","1万/180MBps","10-65536（GiB）","0.00165","0.75","9","18","27","亚太东南（柔佛）"
"数据盘-极速型SSD FlexPL","容量","1GiB","总性能：10万/1000MBps（基准性能：5万/350MBps        额外性能：5万/650MBps）","10-65536（GiB）","0.001672","1.0796","12.9552","25.9104","38.8656","亚太东南（雅加达）"
"数据盘-极速型SSD FlexPL","容量","1GiB","总性能：10万/1000MBps（基准性能：5万/350MBps        额外性能：5万/650MBps）","10-65536（GiB）","0.0021","1","12","24","36","华北2（北京）"
"数据盘-极速型SSD FlexPL","容量","1GiB","总性能：10万/1000MBps（基准性能：5万/350MBps        额外性能：5万/650MBps）","10-65536（GiB）","0.0021","1","12","24","36","华东2（上海）"
"数据盘-极速型SSD FlexPL","容量","1GiB","总性能：10万/1000MBps（基准性能：5万/350MBps        额外性能：5万/650MBps）","10-65536（GiB）","0.0021","1","12","24","36","华南1（广州）"
"数据盘-极速型SSD FlexPL","容量","1GiB","总性能：10万/1000MBps（基准性能：5万/350MBps        额外性能：5万/650MBps）","10-65536（GiB）","0.0033","1.5","18","36","54","亚太东南（柔佛）"
"数据盘-极速型SSD FlexPL","容量","1GiB","总性能：10万/1000MBps（基准性能：5万/350MBps        额外性能：5万/650MBps）","10-65536（GiB）","0.001839","1.13","13.56","27.12","40.68","中国香港"
"数据盘-极速型SSD FlexPL","【均衡型】预配置额外性能-IOPS","1","-","0-50000","0.0000325","0.0234","0.2808","0.5616","0.8424","中国香港"
"数据盘-极速型SSD FlexPL","【均衡型】预配置额外性能-IOPS","1","-","0-50000","0.0000325","0.0234","0.2808","0.5616","0.8424","华东2（上海）"
"数据盘-极速型SSD FlexPL","【均衡型】预配置额外性能-IOPS","1","-","0-50000","0.0000325","0.0234","0.2808","0.5616","0.8424","华南1（广州）"
"数据盘-极速型SSD FlexPL","【均衡型】预配置额外性能-IOPS","1","-","0-50000","0.0000325","0.0234","0.2808","0.5616","0.8424","华北2（北京）"
"数据盘-极速型SSD FlexPL","【均衡型】预配置额外性能-IOPS","1","-","0-50000","0.0000488","0.0351","0.4212","0.8424","1.2636","亚太东南（柔佛）"
"数据盘-极速型SSD FlexPL","【均衡型】预配置额外性能-IOPS","1","-","0-50000","0.000025876","0.0253","0.3032","0.6063","0.9095","亚太东南（雅加达）"
"数据盘-极速型SSD FlexPL","【IOPS型】预配置额外性能-IOPS","1","-","0-50000","0.000022134","0.0216","0.2591","0.5182","0.7773","亚太东南（雅加达）"
"数据盘-极速型SSD FlexPL","【IOPS型】预配置额外性能-IOPS","1","-","0-50000","0.0000278","0.02","0.24","0.48","0.72","华东2（上海）"
"数据盘-极速型SSD FlexPL","【IOPS型】预配置额外性能-IOPS","1","-","0-50000","0.0000278","0.02","0.24","0.48","0.72","华南1（广州）"
"数据盘-极速型SSD FlexPL","【IOPS型】预配置额外性能-IOPS","1","-","0-50000","0.0000278","0.02","0.24","0.48","0.72","华北2（北京）"
"数据盘-极速型SSD FlexPL","【IOPS型】预配置额外性能-IOPS","1","-","0-50000","0.0000417","0.03","0.36","0.72","1.08","亚太东南（柔佛）"
"数据盘-极速型SSD FlexPL","【IOPS型】预配置额外性能-IOPS","1","-","0-50000","0.0000278","0.02","0.24","0.48","0.72","中国香港"
"数据盘-极速型SSD FlexPL","【吞吐量型】预配置额外性能-吞吐量","1MBps","-","0-650 MBps","0.00348","2.5","30","60","90","华东2（上海）"
"数据盘-极速型SSD FlexPL","【吞吐量型】预配置额外性能-吞吐量","1MBps","-","0-650 MBps","0.00348","2.5","30","60","90","华南1（广州）"
"数据盘-极速型SSD FlexPL","【吞吐量型】预配置额外性能-吞吐量","1MBps","-","0-650 MBps","0.00348","2.5","30","60","90","华北2（北京）"
"数据盘-极速型SSD FlexPL","【吞吐量型】预配置额外性能-吞吐量","1MBps","-","0-650 MBps","0.00522","3.75","45","90","135","亚太东南（柔佛）"
"数据盘-极速型SSD FlexPL","【吞吐量型】预配置额外性能-吞吐量","1MBps","-","0-650 MBps","0.00348","2.5","30","60","90","中国香港"
"数据盘-极速型SSD FlexPL","【吞吐量型】预配置额外性能-吞吐量","1MBps","-","0-650 MBps","0.002770743","2.699","32.388","64.776","97.164","亚太东南（雅加达）"
"吞吐型SSD TL0","容量        ","1GiB","2万/1GBps","40-65536（GiB）","0.001162438","0.756","9.072","18.144","27.216","亚太东南（雅加达）"
"吞吐型SSD TL0","容量        ","1GiB","2万/1GBps","40-65536（GiB）","0.0022","1.05","12.6","25.2","37.8","亚太东南（柔佛）"
"吞吐型SSD TL0","容量        ","1GiB","2万/1GBps","40-65536（GiB）","0.00146","0.7","8.4","16.8","25.2","华北2（北京）"
"吞吐型SSD TL0","容量        ","1GiB","2万/1GBps","40-65536（GiB）","0.00146","0.7","8.4","16.8","25.2","华南1（广州）"
"吞吐型SSD TL0","容量        ","1GiB","2万/1GBps","40-65536（GiB）","0.00146","0.7","8.4","16.8","25.2","华东2（上海）"
"吞吐型SSD TL0","容量        ","1GiB","2万/1GBps","40-65536（GiB）","0.00146","0.7","8.4","16.8","25.2","中国香港"
"吞吐型SSD TL0","【吞吐量型】预配置额外性能-吞吐量        ","1","-","取值范围随云盘容量变化","0.00365","2.625","31.5","63","94.5","亚太东南（柔佛）"
"吞吐型SSD TL0","【吞吐量型】预配置额外性能-吞吐量        ","1","-","取值范围随云盘容量变化","0.00244","1.75","21","42","63","华北2（北京）"
"吞吐型SSD TL0","【吞吐量型】预配置额外性能-吞吐量        ","1","-","取值范围随云盘容量变化","0.00244","1.75","21","42","63","华南1（广州）"
"吞吐型SSD TL0","【吞吐量型】预配置额外性能-吞吐量        ","1","-","取值范围随云盘容量变化","0.00244","1.75","21","42","63","华东2（上海）"
"吞吐型SSD TL0","【吞吐量型】预配置额外性能-吞吐量        ","1","-","取值范围随云盘容量变化","0.00244","1.75","21","42","63","中国香港"
"吞吐型SSD TL0","【吞吐量型】预配置额外性能-吞吐量        ","1","-","取值范围随云盘容量变化","0.0026352","1.89","22.68","45.36","68.04","亚太东南（雅加达）"